Sample,Genotype
PI591547-1,0
PI547679,0
Ai_Ka_No.166,0
PI547722,0
PI547700,0
PI547756,0
PI547708,0
PI547709,0
PI547754,0
PI547735,0
PI547760,0
PI547689,0
PI547787,0
PI547715,0
PI547766,0
PI547725,0
PI547698,0
PI561405,0
PI547558,0
PI547873,0
PI547844,0
PI547850,0
PI547499,0
PI547875,0
PI547889,0
PI547838,0
PI547637,0
PI547421,0
PI547717,0
PI547860,0
PI547835,0
PI547677,0
PI547871,0
PI547642,0
PI547678,0
PI547509,0
PI547693,0
PI547842,0
PI547764,0
PI547696,0
PI547705,0
PI547739,0
PI547439,0
PI547428,0
PI547843,0
PI547697,0
PI547425,0
PI547683,0
PI547872,0
PI547718,0
PI547422,0
PI547704,0
PI547751,0
PI547761,0
PI547877,0
PI509044,0
PI547485,0
PI547846,0
PI547721,0
PI547880,0
PI547653,0
PI547885,0
PI547630,0
PI553052,0
PI548660,0
PI547757,0
PI547740,0
PI547692,0
PI547776,0
PI548569,0
PI548314,0
PI547729,0
PI547618,0
PI547531,0
PI547522,0
PI547482,0
PI542045,1
PI548167,1
PI548219,1
PI547414,0
PI518676,0
PI547426,0
PI547811,1
PI547530,0
PI548173,1
PI540554,0
PI548161,1
WL82,0
PI591547-2,0
PI547890,0
PI547832,0
PI547891,0
PI533657,0
PI634761,0
PI597382,0
PI548188,1
PI548632,1
PI547719,0
PI542046,0
PI540556,1
PI547537,0
PI548563,0
PI518674,0
PI548160,1
PI547597,0
PI548180,1
PI591541-1,0
PI547777,0
PI547638,1
PI547542,0
PI547778,0
PI572240,0
PI547501,0
PI542046,1
PI547816,0
PI548507,0
PI 533601,0
PI548177,1
PI548551,0
PI548618,0
PI548524,0
PI539861,0
PI539861,0
PI548543,0
PI548690,0
PI539864,0
PI597656,0
PI548587,0
PI539860,0
PI537094,1
PI548551,0
PI567789,0
PI578058,0
PI542042,0
PI548501,0
PI583365,0
PI542403,0
PI542769,0
PI533604,0
PI548655,0
PI543793,0
PI543795,0
PI518663,0
PI560206,0
PI543794,0
PI595363,0
PI583837,0
PI552538,0
PI540551,0
PI540552,1
PI546374,0
PI534647,0
PI548612,0
PI548387,1
PI543856,0
PI548565,0
PI548599,0
PI548974,0
PI564849,1
PI518664,0
PI548392,1
PI548509,1
8801,0
H-Dt2_E5,0
0001-14-1,0
0912,0
0919,0
IA3023,0
831,0
PI632661A,0
22p-17,0
96150,0
ZK166,0
Feng_8-3,0
7041,0
L61-1069,0
34371,0
L67-3090,0
2015,0
Prang,1
2635,0
9702,0
Grimpo,1
71413,0
34374,0
ZK164,0
26_P-22,0
24_P-16,0
0001-19-11,0
B406,0
97-126,1
KJ10-268,0
71423,0
PI547790,0
99-180,0
Magnolid,0
8101,0
23P-1,0
NE3001,0
616192,0
25p-24,0
PI548581,1
PI632662,1
Ba_Dou_No.135,0
HK-13,0
26_P-23,0
B602,0
85140,0
19_P-7,0
Nova,0
24_P-17,0
Century_Lx13,0
698-4,1
KJ09-95,0
24_P-4,0
24_P-26,1
219-1-1,0
Boige_Du_Lot_Et_Geronne,1
Lna,0
BR121,1
unknown_-1,1
Parangonia,1
He_Er_Song_No.2,1
ZK191,0
219-1-2,0
Fas-2_From_Karen_Pudue,0
HP25,0
Su165,1
805,0
K08-32,0
Payette,0
95-13-20,0
Mattawa,1
0009-3-1,0
L67-3214,0
8588,1
Frankin,0
K07-58,0
N66,1
34677,0
Mattosan,1
PI546375,0
23_P-12,1
K02-17,0
K08-33,0
K05-1-8,0
8033-28,0
Farrer,0
99-180y-92,0
OS2-1-4,0
80543-76,0
01-14-18,0
0001-19-2-1,0
E215,0
K14-2,0
K02-31,0
K112-1,0
N68,1
E223,0
MS_Core_Hybrid_Population,0
2496163,0
K07sp-1,0
K08-35,0
K04-13,0
K06-42,0
25p-26,0
B419,0
K07-116,0
K14-4,0
GY9112,0
K08-1-6,0
unknown_-2,1
2100512,0
K06-82,0
25_P-11,0
Ihb-5,0
B510-10,0
K9103,1
K06-47,0
26_P-28,0
K05-126,0
K9110-2,0
K070-2,0
Nf58,0
K06-28,0
K07-126,0
97-128,1
K115-1,0
B207,0
KF34-1,0
94-1-2-1,0
K9452,0
K9203,0
K05-36,0
SP0601-0-11,0
K9304,0
K05-7,0
PI404166,1
PI407788A,1
PI424298,1
PI437655,1
PI495017C,1
PI468915,1
PI507354,1
PI567305,1
S05-11482,0
PI548667,0
PI567387,1
PI437725,1
PI437690,1
PI404198B,1
PI424608A,1
PI567516C,1
PI612611,1
S10-11227,0
PI572239,0
PI598124,0
PI79691-4,1
PI86006,1
PI87617,0
PI87631-1,1
PI196175,0
PI200471,1
PI200508,1
PI378702,1
PI398593,0
PI398595,0
PI398610,0
PI398614,1
PI407162,1
PI407184,1
PI407729,1
PI407965,1
PI408105A,1
PI416937,0
PI424079,1
PI424088,1
PI437169B,0
PI437863A,1
PI458515,1
PI464920B,0
PI467312,1
PI471938,0
PI475783B,0
PI483463,1
PI518751,0
PI542044,0
PI547862,0
PI548317,0
PI548349,1
PI548415,1
PI548511,0
PI548657,0
PI549031,1
PI561271,1
PI567230,1
PI567336B,1
PI567354,1
PI567357,1
PI567519,1
PI567611,0
PI567651,0
PI567690,0
PI567719,0
PI567731,0
PI591539,0
PI593258,0
PI594012,1
PI594512A,0
PI594599,0
PI603154,0
PI603170,1
PI603175,1
PI603176A,1
PI605869A,1
PI639740,0
PI647086,0
PI658519,0
S07-5049,0
V71-370,0
FC31721,1
PI438471,1
PI417091,1
PI417015,0
PI229343,0
PI378684A,1
PI378696A,1
PI378698,1
PI407083,1
PI407270,1
PI407281,1
PI407286,0
PI407303,1
PI407307,1
PI407308,1
PI407315,1
PI468918,1
PI507609,1
PI507619B,1
PI507667,1
PI507752,1
PI507830B,1
PI532450,1
PI549047,1
PI549048,1
PI562558,1
PI562568,1
PI597458B,1
PI597471D,1
PI639586,1
PI639590A,1
PI639590B,1
PI639621,1
PI507847,1
PI424014,1
PI424107A,1
PI407175,1
PI507615,1
PI562557,1
PI378699A,1
PI407262,1
PI562534,1
PI407183,1
PI407038,1
PI407318A,1
PI407229,1
PI507638,1
ZJ-Y314,1
PI578357,1
PI366120,1
PI562565,1
PI339871A,1
PI393551,1
ZJ-Y108,1
ZJ-Y2300-1,1
PI593983,1
PI407027,1
PI562559,1
PI597459C,1
ZJ-Y155,1
PI447004,1
PI423991,1
PI407170,1
PI407131,1
PI597461C,1
ZJ-Y188,1
PI479752,1
PI468916,1
PI366123,1
PI407197,1
ZJ-Y191,1
PI522182B,1
PI483460B,1
PI378692,1
PI464929A,1
PI407246,1
PI464935,1
ZJ-Y200,1
PI522228,1
PI483464A,1
PI407275,1
PI407301,1
PI326582A,1
PI522216,1
PI468400A,1
PI479769,1
PI424096,1
ZJ-Y217,1
PI504286,1
PI458538,1
PI458535,1
PI407285,1
ZJ-ZY020,1
ZJ-Y282,1
PI407288,1
PI578341,1
PI549046,1
PI464927A,1
PI483465,1
PI507662,1
ZJ-YJ038,1
PI547831,1
PI597459D,1
PI597461A,1
PI522226,1
ZJ-YJ086,1
PI339734,1
Yu_Shi_Dou,0
PI548445,1
You_Pi_Zhi_Hei_Dou,1
PI196166,0
PI467343,0
Dong_Shan_Bai_Ma_Dou,0
Jin_Da_No_52,1
Sha_Xin_Dou,0
Long_quan_Da_Dou,0
PI603384,1
Qing_Dou,0
Nan_Guan_Xiao_PI_Qing,0
PI594777,1
PI548342,0
PI548485,0
Xia_Hei_Dou,1
PI_Xian_Da_Zi_Huo_Cao,0
PI507355,0
PI587552,0
Yu_Jiang_Wu_Yue_Niu_Mao_Huang,1
Da_Li_Huang,0
PI603336,1
PI437321,1
Tian_E_Dan,0
PI602991,0
Xiao_Bai_Dou,1
PI407801,0
PI_Xian_Nian_Zhuang_Liu_Yue_Xian,1
Yi_Zheng_Da_Li_Huang_Dou,0
PI398296,1
Da_Qing_Ren,1
PI603420,1
Xiang_Dou_No_4,1
PI437654,1
PI437679,1
PI548417,0
PI594788,0
PI594301,0
PI578457A,0
Tai_Xin_Niu_Mao_Huang_Yi,0
Xia_Men_Teng_Zai_Dou,1
PI603756,0
PI80822,0
PI438498,1
PI548391,0
PI548379,0
PI153262,1
PI567298,0
PI603318,1
PI437653,1
Tong_an_Zi_Hong_Dou,0
PI88479,1
Hong_Zhu_Dou,0
Jin_Shan_Cha_Zhu_Shi_Dou,1
He_Dou,1
PI567189A,0
PI548406,0
Xiao_Bai_Qi,0
PI323576,1
PI548382,1
PI416890,1
PI587752,0
PI424391,1
Pei_Xian_Xiao_You_Dou,0
PI603357,1
Hong_Hu_Liu_Yue_Bao,1
Sha_Xian_Qin_Dou,0
PI157421,1
Ji_Shan_De_Da_Li_Hei_Dou,0
PI567364,1
PI84987,1
PI548298,1
PI423967,0
PI548488,0
Guang_Rao_Da_Qing_Dou,0
PI423954,1
PI587848,0
PI587666,0
Ni_Dou,0
Sha_Xian_Wu_Dou,0
PI399043,0
Ni_Ding_Hua_Mei_Dou,0
PI84987A,1
PI567395,1
PI317334A,1
Xiao_Huang_Dou,1
PI548456,0
PI603424A,0
PI588053A,0
PI594629,0
PI83945-3,0
Jin_Huang_No_35,0
PI567258,0
Nian_Shi_Huang_Dou,0
PI86024,1
PI567503,0
PI317336,1
Xiao_Mi_Dou,0
Xin_Xian_Xiao_Huang_Dou,1
PI253658B,1
PI603516,1
PI567071A,0
Dai_Mi_Dou,1
PI567293,0
PI407849,0
PI548348,1
PI407716,0
PI89138,1
Cu_Dou,1
Hei_He_Xiao_Huang_Dou,0
PI594451,1
PI243541,0
Hei_Wa_Shi_Dou,0
Bai_Mao_Dou,0
PI548362,1
Jin_Da_No_70,0
PI591432,0
PI591495,0
Jiu_Nong_No_30,0
Liao_Dou_No_15,0
PI548634,0
Jin_Da_No_62,0
PI547459,0
Su_Nong_No_25,0
PI547409,0
PI553047,0
PI547562,0
Zhong_Huang_No_14,0
PI591433,0
Gui_Chun_No_8,0
PI533655,0
Dong_Nong_No_26,0
Jin_Da_No_75,0
PI547460,0
Shen_Li_No_3,1
Jin_Da_No_26,0
PI518750,1
Chang_Nong_No_13,0
PI548540,1
Liao_Dou_No_17,0
PI540552,1
PI547686,0
PI548644,0
PI547488,0
He_Feng_No_25,0
PI548311,1
Jin_Da_No_73,0
PI591435,0
Zhong_Huang_No_50,0
Nan_Nong_Cai_Dou_No_1,0
PI548512,0
PI547690,0
PI548182,0
PI515961,0
PI548190,1
PI548643,0
Zhong_Huang_No_38,0
Beijing-IGDB-1,1
Zhong_Huang_No_13,0
Chang_Nong_No_16,0
PI548631,0
PI547779,0
Hei_Nong_No_51,0
Lu_Dou_No_11,0
Tai_Wan_No_1,0
Fen_Dou_No_65,0
PI548565,0
Fen_Dou_No_78,0
PI548603,0
PI508266,0
Sheng_Dou_No_9,0
Zhong_Huang_No_40,0
PI547716,0
PI546044,0
Zhong_Huang_No_35,0
Harbin_91-6065,0
Chang_Nong_No_15,0
Jilin_21,0
PI548573,0
Fen_Dou_No_85,0
PI548604,0
Hei_He_No_1,0
PI533602,0
Xi_Zang_Da_Dou_No_20,0
Cang_Dou-11,0
Liao_Dou_No_11,0
PI536635,0
Fen_Dou_No_86,0
PI508083,0
PI591541,0
Su_Nong_No_10,0
PI548593,0
Wei_No_6823,0
Su_Nong_No_33,0
PI634883,0
Fen_Dou_No_79,0
He_Feng_No_23,0
PI591511,0
Fen_Dou_No_88,0
PI513382,0
Liao_Dou_No_3,1
PI548985,0
PI548477,0
Su_Nong_No_14,0
PI547680,0
Zhong_Huang_No_31,0
PI591431,0
Da_Tun_Xiao_Hei_Dou,0
Shu_Xian_No_205,0
Fen_Dou_No_89,0
PI542403,1
Fen_Dou_No_63,0
Tie_Feng_No_22,0
PI548656,0
FC33243,0
PI81785,1
PI166105,0
PI240664,0
PI360957,0
PI361087,1
PI361093,1
PI437265D,1
PI438335,1
PI468908,1
PI497964A,0
PI506862,1
PI507180,0
PI518668,0
PI603458A,1
PI548171,1
PI548193,0
PI548313,0
PI548325,1
PI548360,0
PI548364,0
PI548402,1
PI548447,0
PI548452,1
PI548490,0
PI548520,0
PI548561,1
PI549018,1
PI549026,1
PI549041A,1
PI559932,0
PI567171,0
PI567426,1
PI567558,1
PI567604A,1
PI578309,1
PI578495,0
PI592523,0
PI592954,0
PI594307,1
PI597476,0
PI603426G,1
PI603442,1
PI088788,1
PI089772,1
PI090763,1
PI209332,1
PI548316,1
FC29333,1
FC31697,1
PI54591,1
PI54608-1,1
PI54614,1
PI54615-1,0
PI58955,1
PI62203,1
PI68521-1,1
PI68604-1,1
PI68732-1,1
PI70080,1
PI70466-3,1
PI71465,1
PI80837,1
PI81041,0
PI83881,0
PI83942,1
PI84631,1
PI84637,0
PI84656,1
PI84946-2,0
PI84973,1
PI86904,1
PI86972-2,0
PI87620,1
PI88313,1
PI88468,0
PI89005-5,0
PI89775,0
PI90479P,0
PI91100-3,1
PI91159-4,0
PI91160,0
PI92651,1
PI94159-3,1
PI95860,0
PI103088,1
PI123440,0
PI153231,0
PI154189,1
PI159925,0
PI165563,1
PI165675,0
PI171428,0
PI171451,1
PI179935,1
PI189873,1
PI209333,1
PI209334,1
PI232992,1
PI253661B,0
PI261272C,0
PI274453,1
PI291294,1
PI291309D,1
PI291310C,1
PI297505,0
PI297520,1
PI324924,1
PI342434,0
PI342619A,1
PI361066B,0
PI361070,1
PI372403B,0
PI372418,1
PI374207,0
PI378658,1
PI378663,1
PI378680E,1
PI379618,0
PI391577,1
PI391583,1
PI398633,1
PI398965,0
PI404187,1
PI407701,1
PI407708A,0
PI407742,1
PI416751,1
PI416838,0
PI417215,0
PI417242,0
PI417345B,1
PI417381,0
PI417479,0
PI417500,0
PI417529,1
PI417581,0
PI423926,0
PI424038B,1
PI424078,1
PI424195A,1
PI430595,0
PI436684,1
PI437110A,0
PI437112A,1
PI437127A,0
PI437160,1
PI437165A,1
PI437240,0
PI437376A,1
PI437485,0
PI437500A,0
PI437505,1
PI437662,1
PI437685D,0
PI437695A,1
PI437776,1
PI437788A,1
PI437793,0
PI437814A,1
PI437838,0
PI437991B,1
PI438019B,1
PI438083,0
PI438112B,1
PI438230A,1
PI438239B,1
PI438309,1
PI438323,0
PI438336,1
PI438347,0
PI438496B,1
PI438496C,1
PI445824A,1
PI458505,1
PI458510,1
PI464896,0
PI464912,1
PI464923,0
PI467347,1
PI468408B,0
PI475820,0
PI476352B,1
PI479735,1
PI490766,0
PI495020,0
PI497953,0
PI497967,1
PI504288,1
PI506933,1
PI506942,0
PI507017,1
PI507088,1
PI507293B,1
PI507458,1
PI507467,0
PI507471,0
PI507480,0
PI514671,0
PI518727,0
PI532463B,0
PI538386A,1
PI542972,0
PI548162,1
PI548169,1
PI548178,1
PI548198,1
PI548200,1
PI548256,0
PI548336,0
PI548356,0
PI548359,0
PI548383,1
PI548400,0
PI548411,1
PI548427,1
PI548473,1
PI548474,0
PI548479,0
PI548521,0
PI548571,0
PI548572,1
PI548582,0
PI548619,0
PI548633,0
PI548696,0
PI548978,0
PI549017,0
PI549021A,0
PI549028,0
PI549040,1
PI556511,0
PI561318A,1
PI561371,1
PI561387,1
PI561389B,1
PI561701,0
PI567074B,0
PI567173,0
PI567225,1
PI567226,1
PI567231,1
PI567238,0
PI567262A,1
PI567307,1
PI567343,1
PI567346,1
PI567352A,0
PI567353,1
PI567361,1
PI567383,0
PI567407,1
PI567408,1
PI567410B,1
PI567415A,1
PI567416,1
PI567418A,0
PI567428,1
PI567435B,1
PI567439,1
PI567488A,1
PI567489A,1
PI567525,1
PI567532,1
PI567548,1
PI567576,0
PI567675,0
PI567685,1
PI567726,1
PI567746,0
PI567780B,0
PI567782,0
PI574477,0
PI578375B,1
PI578412,0
PI578493,1
PI578499A,1
PI578503,1
PI578504,0
PI587588A,0
PI587588B,0
PI587712B,0
PI587804,1
PI587811A,0
PI592937,1
PI592940,0
PI592952,0
PI592960,0
PI593953,0
PI594170B,1
PI594456A,1
PI594880,1
PI594922,0
PI597464,0
PI597471A,1
PI597478B,0
PI598358,0
PI602502B,1
PI602993,0
PI603162,1
PI603290,0
PI603345,0
PI603389,0
PI603397,1
PI603463,0
PI603488,1
PI603492,1
PI603494,1
PI603495B,0
PI603497,1
PI603526,0
PI603549,1
PI603555,0
PI603556,1
PI603559,0
PI603675,1
PI603698J,0
PI603722,0
PI606374,1
PI612730,0
PI612754,1
PI628812,1
PI628913,1
PI628963,0
PI631123,1
PI632418,0
PI632650,0
PI639528B,1
PI639543,1
PI639550E,1
PI639559B,1
PI639570,1
PI322692,0
PI567788,0
PI483463,1
PI101404B,1
PI561355,1
PI458538-1,1
PI479768,1
PI464866A,1
PI464891B,1
PI479746B,1
PI407294,1
PI479753C,1
PI464890A,1
PI407290,1
PI479744,1
PI407299,1
PI464929A-1,1
PI464926,1
PI468399B,1
PI326581,1
PI81762,1
PI567194,1
PI578357-2,1
PI507719,1
PI578340A,1
PI578343,1
PI578340B,1
PI507801,1
PI342620B-1,1
PI522231A,1
PI522225A,1
PI507786,1
PI522230A,1
PI522232,1
PI342622B,1
PI507785,1
PI522229,1
PI522234,1
PI507797,1
PI522203,1
PI507805,1
PI342620B-2,1
PI153293,0
PI438364,0
PI89061-2,0
PI603674,0
PI603755D,1
PI437586A,0
Lv_Bao_Shi,0
PI89005-4,1
Da_Huang_Dou_-2,0
Wu_Xing_Wei,0
PI603755C,1
PI79797,1
PI578499B,1
PI437961,1
PI88789,1
Xiao_Hei_Dou__-2,1
PI70023,1
PI87531,1
PI89055,0
PI437805,0
PI603418A,1
Xiao_Huang_Dou_-4,0
PI89773,1
PI593967,0
Tian_E_Dan_-2,0
Niu_Mao_Huang__-2,0
PI438252B,1
PI603387,1
PI603438D,0
PI603562A,1
PI89059,1
Xiao_Huang_Dou_-2,1
PI603560,0
PI438199,0
PI603556,1
PI578417B,1
PI437799,1
PI603304,0
PI437715,1
PI437902B,1
PI538400,1
PI603412A,1
PI438153,1
PI438063,0
Xiao_Yuan_Huang_Dou,1
PI437625,1
PI438065,1
PI438072,1
PI438115,1
PI420338,1
PI89014,1
PI438052,1
PI437977,0
PI578499C,1
PI437846,1
Hu_Pi_Dou,0
PI603778,0
PI603308B,0
PI603693A,0
PI603422C,1
PI437862,1
PI603494,1
PI603492,1
PI561302C,0
PI592931,1
PI438045,1
PI603491,1
Huang_Da_Li,0
PI603663,1
PI437947,1
PI592951,0
PI603527A,1
PI603401,0
PI603457A,1
PI438267,1
PI603498A,1
PI603457C,1
PI438252A,0
PI438018,1
PI578415,0
PI603397,1
PI603564C,0
PI603587C,1
PI86878-2,1
PI603453,0
PI253666A,0
PI603551C,1
PI437655,1
PI89006-2,0
PI603331,0
PI603730C,1
PI603543B,1
PI80536,0
PI603664,0
PI603495A,0
PI436612,0
PI603429A,0
PI437664,1
Ping_Rang_Tai_Bai,1
PI603348A,1
Peking,1
PI438181A,1
PI593956B,0
PI603735B,0
PI437909A,1
Hui_Pi_Zhi,0
PI437654-1,1
PI437830,0
PI437613,1
PI438257B,1
Xing_Da_Dou,0
FC_1547,1
Hua_Chi_Lv_Di_Dou,1
Shang_Cai_Er_Li_Ping_Ding_Shi,0
PI612759A,1
Te_Da_Li_No.1,0
PI81768,1
PI603662B,1
PI438104,1
PI438020,1
PI437784,1
Hei_Hei_Dou,1
PI603436B,1
Wang_Yang_Da_Dou,0
PI438095,1
Ji_Yan_Dou,0
PI603561,0
PI438145,0
Xiao_Bai_Hua_Hei_Dou,1
PI438222,1
PI603326,1
PI68535,1
PI437936,1
Man_Gui_Dou,0
PI567710,0
PI567713D,0
PI567692,0
PI567696C,0
PI567716A,0
PI567686,0
Si_Xian_Tu_Li_Wai,0
PI567732,1
Sui_Xi_Wan_Dou_Tuan,0
Xin_Liu_Qing,0
Xiu_2156,0
Bo_Xian_Qian_Jin_Dou,0
PI594399A,0
Hou_Zi_Mao,0
PI594411,0
PI567717A,0
PI561237,0
PI561307,0
PI561325,1
PI561313,1
PI561296A,0
PI561321,1
Sha_He_Qing_Dou,0
PI561331,1
Tong_Xian_Xiao_Huang_Dou,1
PI561327C,1
PI561338A,1
PI561242,1
PI561319B,1
Tong_Xian_Huang_Dou,1
PI464910,1
Zhong_Mou_Tie_Jiao_Dou,1
PI232991,1
PI567263,0
PI567325A,0
Ba_Yue_Zha,1
Da_Ke_Huang_Lv_Dou,0
PI567294,1
Bai_Yin_Bai_Huang_Dou,1
PI567349A,1
Luo_Ding_Qing_Dou,0
Qing_Yuan_Da_Qing_Dou,0
Lian_Jiang_Po_Huang_Dou,0
Ying_De_He_Dou,0
Long_Chuan_Huang_Niu_Mao,0
Qi_Yue_Huang_-1,1
PI594708A,1
PI594708B,1
Lv_Pi_Huang_Dou,0
PI594647B,1
Song_Zi_Dou,0
Ya_Zhou_Hei_Dou,0
PI567486B,0
PI567493,1
PI538386A,1
PI538380,1
PI567511,0
PI567484,1
PI567507C,0
PI567510A,0
PI567510B,0
Hua_Hei_Hu,0
Da_Qing_Kang_Fei_Dou,0
PI91346,0
PI90499-2,1
PI61947,1
Xia_Tai_Zi_Mo_Shi_Dou,1
PI538387,1
PI567645A,0
PI567620A,0
PI567640,0
PI567621A,0
PI567628A,1
PI567650B,1
PI567672,0
PI567650A`,1
PI567679B,0
PI567631,1
PI567621B,0
PI567648C,1
Shang_Qiu_Liu_Hua_Zhu,0
Qing_Feng_Tian_E_Dan,0
PI567667C,0
Mi_Yang_Xiao_Li,1
Ru_Nan_Ping_Ding_Shi,1
Xin_Yang_Yang_Yan_Dou_-2,0
Huai_Yang_Qing_Dou,1
PI602992,0
Mi_Yang_Xiao_Li_Huang,1
Si_Li_Huang,0
Man_Cang_Jin,1
Sun_Wu_Ping_Ding_Huang,0
PI79710,0
PI65379,1
Nen_Jiang_Da_Jin_Huang,1
PI597441,0
PI54615,1
PI68761-3,0
PI70027,1
Bai_Bao_Zhu,0
Suo_Yi_Ling,1
Bai_Mei,0
Ke_Shuang,0
PI567160,1
PI291309A,1
Yuan_Bao_Jin,1
Ke_Shan_Si_Li_Huang,0
Jing_Shan_Pu,1
PI68481,1
PI79739,0
PI68585,1
PI70013,0
Da_Li_Huang_-1,0
PI68815,1
PI68642,1
PI68709,1
PI68715,0
Rao_He_Ba_Yue_Mang,0
Dong_Bei_Hei_Dou,1
You_Huang_Dou,0
PI612709A,0
Shu_Guang_Huang_Dou,0
PI68430,1
De_Dou_Da_Bai_Mei,0
PI68722,1
Wu_Ding_Zhu,0
PI291290,1
Ke_Shan_Bao_Guan_Liang,0
Zi_Hua_No.2,1
PI592975,0
PI291275,1
PI73780,1
PI291278,1
Shang_Zhi_Hei_Qi,1
Mao_Dou,1
PI68680-2,1
Zi_Hua_No.4_*,1
Zi_Hua_No.4_-2,0
Chi_Huang_Dou_No.1,0
PI587716B,0
Hua_Se_Dou,1
Da_Bai_Mao_Dou,0
Hua_Mei_Dou,1
E_Dou_No.2,0
Tie_Jia_Si_Li_Huang_-2,0
Feng_Di_Huang_*,0
PI92630,1
Ju_Te_Qi_Feng_Huang,0
PI88353,0
Cha_Se_Dou,0
PI92602,1
PI91100-2,1
PI518710,0
PI92607,0
PI92619,0
Za_Qi_Dou,0
Lan_Qi,0
PI54620,1
Tie_Jia_Si_Li_Huang_*,1
PI92583,1
PI91730,1
PI532443,1
PI92640,0
PI92686,1
Yi_Wo_Feng_-2,1
Qian_Ceng_Ta,1
PI467333,0
PI92677,0
PI92706,1
PI479725A,1
PI458522,1
PI467340,1
Hui_Chun_Dou,0
PI91104,1
Tong_Nong_No.4,0
PI464909,1
Du_Lu_Dou,0
Qing_Pi_Dou_-2,1
PI532441A,1
PI479726,0
PI92641B,0
PI92651,1
PI69991,1
PI70091,1
PI70458,1
PI88309,1
PI532436A,0
Tong_Hua_Ping_Ding_Xiang,1
PI467311C,1
PI464915B,1
PI479724B,1
Bai_Cheng_Mo_Shi_Dou,1
Ji_Lin_Cha_Hei_Hua,1
PI567753C,0
PI567749A,0
PI532455B,1
PI567771E,0
Tai_Xing_Ai_Jiao_Hong,0
Pi_Xian_Ruan_Tiao_Zhi,0
PI567736,0
PI587620C,1
Shu_Yang_Chun_Hei_Dou_Bing,0
Huai_Yin_Chun_Dou,1
Guan_Yun_Hai_Bai_Hua__-1,0
Sui_Ning_Ping_Ding_Huang,0
PI532454,1
Bin_Hai_Da_Huang_Ke_Zi,0
Pei_Xian_Xiao_You_Dou__-1,0
Shang_Rao_Ba_Yue_Bai,1
Da_Huang_Zhu,1
Xin_Yu_Da_Li_Qing,0
PI391586,1
PI602492,0
PI91164,0
PI88502,0
Xiong_99-8,0
PI464914B,1
PI88306,0
PI88486,1
PI470224,0
PI458511,0
Bai_Qi_Ying_Ge_Dou,0
Da_Li_Hei_Dou_-2,0
Tie_Jia_Zi,0
PI54608-1,1
Mao_Yan_Dou,1
PI88302-1,0
PI88352,0
PI88300,1
PI88351,1
PI91165,0
PI88458,1
PI567372B,1
PI567366A,1
PI567366B,1
Shang_Nan_Ba_Yue_Zao,1
Jiang_Huang_Dou,0
Hui_Cha_Xiao_Huang_Dou,0
PI567388,1
Zao_Shu_Hei_Dou,0
PI567526,1
PI567601,1
PI567522B,0
PI567555,1
PI567557,1
PI567524,1
Feng_Shou_Huang,1
Ping_Ding_Hei_-1,0
Wen_Deng_Xiao_Gun_Long_Zhu,1
PI567586A,1
PI567552,1
Ning_Yang_Jiao_Zi_Dou,1
Er_Li_Hei_Dou,0
Wen_Feng_No.7,1
PI518719,0
Ji_Shan_Hei_Pi_Lv_Da_Dou,0
PI567437,1
PI567465,1
Da_Hei_Dou_-2,1
PI567455,1
Can_Si_Dou,0
Nong_Jia_Zhong,1
Liu_Shi_Ri_Bai_Dou,0
PI574476B,1
Ji_Shan_Zhen_Zhu_Xiao_Hei_Dou,1
Lv_Gun_Dou,1
Yang_Yan_Dou,1
He_Hei_Dou,1
Dong_Shan_No.69,0
Xing_Xian_Bai_Da_Dou,1
Xing_Xian_Hui_Pi_Zhi_Hei_Dou,1
Pu_Dou_No.451,1
Jin_Shan_Cha_Mo_Shi_Dou,1
PI594508,0
PI587983A,1
PI588027C,0
Peng_Shan_Huang_Ke_Zi_-3,1
PI594448B,0
Han_Yuan_Ba_Li_Xiao_Hei_Dou,0
Ba_Zhong_Tian_Kan_Dou,0
PI588033C,1
PI594443,0
PI594501B,1
PI594465,0
Shi_Fang_Luo_Si_Dou,0
Qiong_Lai_You_Jiang_Hei_Dou,1
Wu_Yan_Wo,0
Zao_Jiao_Dou,0
Qu_Xian_Ba_Yue_Huang,0
PI594462,1
Ceng_Jia_Lv_Huang_Dou,0
Da_Huang_Dou_-3,0
Zi_Zhong_Liu_Yue_Huang,0
Pi_Xian_Da_San_Jiao,0
PI504482,1
PI475813B,0
Ma_Lan_Zao_Cha_Dou,1
Xuan_Za,1
PI556949,1
PI153290,1
PI347561,0
PI438373,1
PI417527,1
PI438324,1
PI153286,1
PI189897,1
PI189911,1
PI153317,1
PI189930,0
PI189946,1
PI567201D,0
PI404161,0
PI189917,1
PI290125,0
PI438326,1
PI189882,1
PI507349,0
PI379559C,1
PI205090,1
PI506874,0
PI317335,0
PI506800A,0
PI229330,1
PI507108,0
PI507064,1
PI417344,1
PI507286C,1
PI416917,0
PI506801B,0
PI507408,0
PI507531,0
PI507396,0
PI417269,0
PI594208,1
PI507245,1
PI416996,0
PI507093,1
PI507063,0
PI507182,1
PI196160,0
PI507189B,0
PI506862,1
PI507167B,0
PI417298,1
PI417023,1
PI417162,1
PI417140,1
PI416757,1
PI506711A,1
PI507065,1
PI85665,0
PI416937,0
PI80825,0
PI417167,0
PI594319,0
PI196150,1
PI417168,0
PI507095A,0
PI417139,1
PI423870,1
PI506573,1
PI594156,1
PI416756,1
PI507153,0
PI417324A,1
PI86449,1
PI86482-1,1
PI378682B,0
PI86449-2,1
PI64747,1
Bei_Jian_Bai,1
PI507565,1
PI86111,1
PI423869,0
PI86022,0
PI593970,0
PI81031-2,0
PI80841,0
PI80488-1,1
PI84979,0
PI85014,1
PI86153,0
PI226589,0
PI132217,1
PI153233,0
PI154196,1
PI603157,1
PI603914,0
PI438304A,1
PI438296,1
PI424302,0
PI398621,0
PI424222A,0
PI486355,1
PI91729,1
PI90208,1
PI159925-2,0
PI361066A,1
PI361117,1
PI361067,0
PI476345,1
PI404151,1
PI437098,1
PI437109C,0
PI507697,1
PI437110A,0
PI347552B,1
PI437145B,1
PI437392,0
PI437336A,1
PI437478,1
PI437336B,1
PI437381B,1
PI437425,0
PI437434A,1
PI437512,1
PI437359,1
PI437373,1
PI437324,0
PI458018,1
PI82544,0
PI458021,0
PI399073,0
PI423826B,0
PI423808B,1
PI340034,1
PI458236A,1
PI458227,0
PI458230B,1
PI408017,0
PI458189A,0
PI508296H,1
PI424406B,0
PI407877C,1
PI407906,1
PI458177,1
PI424247A,0
PI458067A,0
PI398890,0
PI458061A,0
PI458060B,0
PI458040,0
PI509076,1
PI458105,1
PI423789,1
PI458087,1
PI83945-4,0
PI458030,0
PI442012A,0
PI398322,0
PI398299,1
PI64698,1
PI84594,0
PI398261,0
PI407818A,0
PI424529,0
PI458299,0
PI408211A,1
PI594022,0
PI408222C,1
PI408196B,0
PI408197A,1
PI424547,1
PI408230,0
PI398183,1
PI470929,1
PI437525,1
PI438496A,1
PI438504A,1
PI438487,1
PI438503C,1
FC31409,1
Du_Na_Ji_Ka,1
Mandarin(Cttawa),0
Duo_Ma_Ka_.Tuo_Li_Sa,1
PI86301,1
Mukden,0
PI606421,0
PI605831A,1
PI605845A,0
PI605817B,0
Ba_Xi_No.9,1
Ba_Xi_-13,1
PI548646,0
PI548642,0
Maple_Amber,1
Maple_Ridge,0
Maple_Presto,1
Maple_Arrow,0
PI567787,1
PI548398,1
You_96-3,0
Xin_Tao_He_Dou,0
You_0776,0
Li_Di_Dou_No.1_-2,0
Xi_Xuan_No.19,0
Zhi_Jin_San_Jia_Huang_Dou,0
Xi_Ke_No.1,0
You_9632,0
Bian_Jing_Dou,0
Yi_Ning_San_Jing_Huang_Dou,0
Wan_Dou_No.2,0
Yang_Chun_Xiao_Li,1
Bian_Jing_Dou_No.3,0
Mi_No.95,0
SN_Zao_Huang_No.4,0
Ke_S1043,0
Dou_Guan_No.1,0
Shi_Pin_No.735,0
Ye_Xuan_No.157,0
Gun_Huang_No.1,1
You_9631,0
Yuan_Dou_No.1,0
Qing_Yuan_Xiao_Qing_Dou,0
Jin_Yuan__-1,0
SN_Zao_Huang_No.2,0
Bi_Dou_No.2,0
PI612754,1
Zhuan_Da_Dou_No.1,0
Zhong_Nong_Shi_-1,0
Da_Bei_Nong,1
Jian_No.31,0
Tu_Mo_Shi_Dou,1
11_Nian_Sou_Ji_-1,0
Bian_Jing_-1,0
Xi_Huang_Dou_-9,1
09_Nian_Sou_Ji_-1,0
Bian_Jing_-2,0
Li_Di_Dou_No.1_-1,0
Jin_Yuan_No.1,1
Peking_Mt_Strain,1
Hai_No.6088,0
Wan_Dou_No.32,0
Wan_Dou_No.15_-1,0
Chu_Dou_No.1,0
Wan_Dou_No.14,0
Wan_Dou_No.35,0
Wo_Dou_No.5,0
Wan_Xiu_2156,0
Wan_Xiu_5717,0
Wan_Dou_No.31,0
Wan_Dou_No.21_-1,0
Fei_Dong_Huang_Da_Dou,0
Bu_9012,0
Bu_85-53-21,0
Wan_Dou_No.16,0
Bu_9363,0
Bu_8223-34-2,0
Wan_Dou_No.21_-2,0
Bu_8223-34-1,0
Bu_9277_A,0
Bu_9765,0
Bu_9027_A,0
Bu_97211-76,0
Wan_Dou_No.39,0
Wan_Dou_No.37,0
Wan_Dou_No.36,0
Wan_Dou_No.15_-2,0
Wan_Dou_21116,0
Wan_21116,0
Wan_20001,0
Fu_Dou_No.16,0
Zhong_Dou_No.43_-1,0
Zhong_Dou_No.8,0
Ke_Feng_No.28,0
Zhong_Dou_No.29_-2,0
Zhong_Dou_No.40,0
Zhong_Huang_No.74,0
Zhong_Dou_No.30,0
Zhong_Dou_No.32,0
Zhong_Huang_No.70,0
Zhong_Dou_No.41,0
Zhong_Huang_No.51,0
Jing_Huang_No.1,0
Ke_Feng_No.34,0
Ke_Feng_No.36,0
Zao_Shu_No.15,0
Ke_8502,0
Zhong_Dou_No.39,0
Tian_Long_No.1_-2,0
Zhong_Dou_No.29_-1,0
Ke_Feng_No.37,0
Zhong_Huang_No.79_-1,0
Tian_Long_No.1_-1,0
Zhong_Huang_No.22_-1,0
Ke_Xin_No.5,0
Zhong_Ye_No.2_-1,0
Tian_Long_No.2__-1,0
Zhong_Zuo_No.015,0
Zhong_Huang_No.29,0
Zhong_Huang_No.7,0
Zhong_Zuo_J8012,0
You_Bian_No.31,0
Yan_Qing_Yin,0
Zhong_Zuo_J9331,0
Ke_Feng_No.17,0
Zhong_Huang_No.42,0
Zhong_Huang_No.64,0
Zhong_Huang_No.37,0
Ke_Dou_No.7,0
Zhong_Dou_No.27_-2,0
Zao_Shu_No.1,0
Zhong_Huang_No.18_-2,0
You_Bian_No.32,0
Zhong_Huang_No.47,0
Zhong_Huang_No.56,0
Zhong_Huang_No.57,0
Zhong_Huang_No.63,0
Zhong_Pin_0353672,0
Zhong_Zuo_No.983,0
Zhong_Ke_1299,0
Zhong_Pin_035366,0
Zhong_Huang_No.62,0
Zhong_Huang_No.52,0
Zhong_Dou_No.5,0
Zhong_Huang_No.59,0
Zhong_Huang_No.46,0
Zhong_Huang_No.26,0
Zhong_Huang_No.68,0
Zhong_Zuo_969512,0
Ke_Xi_302113,0
Zhong_Huang_No.21,0
Zhong_Huang_No.60,0
Zhong_Zuo_No.105,0
Jing_No.283,1
Zhong_Huang_No.33,0
Zhong_Huang_No.75,0
Ke_Xi_Xuan_No.19,0
Zhong_Huang_No.45,0
Zhong_Huang_No.23,0
Zhong_Huang_No.27,0
Zhong_Huang_No.54,0
Ke_Yu_No.75,0
Ke_Xi_7821,0
Zao_Shu_No.4,0
Zhong_Pin_95-5383,0
Zhong_Zuo_916014,0
Zhong_Zuo_J8023,0
Zhong_Dou_No.27_-1,0
Ke_Xin_No.7,0
Zhong_Ye_No.2_-2,0
Zhong_Huang_No.4_-2,0
Zhong_Zuo_J-44,0
Zhong_Huang_No.36,0
Zhong_Zuo_96-954,0
Zhong_Huang,0
Zhong_Huang_No.53,0
Zhong_Zuo_No.8,0
Zhong_Pin_No.662,0
Zhong_Huang_No.18_-1,0
Zhong_Huang_No.16,0
Ke_Xin_No.3_-2011,0
Zhong_Zuo_No.02,0
Zhong_Pin_Da_Hei_Dou,0
Zhong_Dou_No.28,0
Zhong_Zuo_00-683,0
Zhong_Pin_035412,0
Zhong_Huang_No.79_-2,0
Zhong_Huang_No.15,0
Zhong_Huang_No.25,0
You_Chu_No.4,0
Zhong_Huang_No.22_-2,0
Zhong_Huang_No.13_-2,0
Quan_Dou_No.937,0
Fu_Dou_No.310,0
Quan_Bian_No.11,1
Long_Huang_No.1,0
Long_Huang_No.2,0
Long_Huang_No.3,0
Hua_Xia_No.3_-1,0
Hua_Chun_No.1,0
Hua_Chun_No.6,0
Hua_Chun_No.3,0
Hua_Xia_No.3_-2,0
Hua_Xia_No.9,0
Hua_Chun_No.5,0
Hua_Xia_No.5,0
Hua_Xia_No.1,0
Hei_Ke_Wu_Dou,0
Yue_Chun_03-4,0
Hua_Xia_No.2,0
Hua_Chun_No.2,0
Gui_Chun_No.8_-2,0
Gui_Zao_No.2,0
Gui_Chun_No.10,0
Gui_Chun_No.11,0
Gui_Chun_No.2_-1,0
Liu_Dou_No.3,0
Quan_Zhou_Shi_Tang_Wu_Yue,1
Gui_Chun_No.3,0
Gui_Chun_No.4,0
Gui_Xia_No.2,0
Xing_An_08-094,0
Gui_Xia_No.5,0
Gui_Xia_No.3,0
Gui_Xia_No.1,0
Qian_Dou_No.2,0
An_Shun_Bai_Jiao_Dou,1
Qian_Dou_No.10,0
Ji_Dou_No.6,0
Shi_H013,0
Nong_Da_Dou_No.2,0
Cang_Dou_No.9,0
Shi_Dou_No.8__-1,0
Ji_Dou_No.4,0
Han_Dou_No.5_*,0
Cang_Dou_No.4,0
Cang_Dou_No.7,0
Bao_Dou_No.3,0
Ji_Dou_No.22,0
Zhong_Huang_No.69,0
Yi_Dou_No.2,0
Han_7005,0
Cang_Dou_No.6,0
Han_No.605,0
Han_803352,0
Ji_5421,0
Shi_Dou_No.4__-1,0
Ji_Dou_No.13,0
Han_Dan_Dou_No.5,0
Ji_Wu_Xing_No.1,0
Ji_Dou_No.9_-3_L-2,0
"Ji_Dou_12-2,3",0
Zhong_Hei_Dou_No.42,0
Zhong_Dou_No.43_-2,0
Shi_Dou_No.8__-2,0
Shi_Dou_No.7,0
Shi_Dou_No.4__-2,0
Ji_Dou_No.17_-2,0
Han_Dou_No.5_-2,0
E_Dou_No.10,1
Cheng_Dou_No.6,1
Cang_Dou_No.10_-2,0
NS_1260,0
Zheng_91107,0
Hua_Dou_No.20,0
Zhou_01772,0
Shang_951099,1
Yu_Dou_No.27,0
Ping_Dou_No.1,0
Shang_09401,0
Shang_Dou_No.15,0
Yu_Dou_No.16_-2,0
Zheng_Zhang_Jiao_No.14,0
Zheng_92116,0
Zheng_4066,0
Yu_Dou_No.5,0
Zheng_No.100,0
Zhou_0496,0
Yu_Dou_No.16_-1,0
Zheng_Dou_No.30,0
Yu_Dou_No.6,1
Zheng_Jiao_9525,0
Yu_Dou_No.3,1
Shang_Qiu_64-0,0
Shang_Qiu_1099,1
Zhou_022121,0
Pu_Hai_No.10_-1,0
Zheng_90007,0
Yu_Dou_No.4,0
Yu_Dou_No.26,1
Zheng_99048,0
Yu_Dou_No.13,0
Zhou_7327-118,0
Zheng_581320,0
Yu_Dou_No.1,1
Zhou_96_(21)_227,0
Yu_Dou_No.19,0
Zheng_Jiao_No.107,1
Yu_Dou_No.29,0
Zhou_Dou_No.16,1
Shang_Qiu_85225,0
Qin_Jian_No.6,0
Zheng_8516,0
Zhou_Dou_04012,0
Shang_Qiu_4212,1
Zheng_94059,0
Zheng_86506,0
Zheng_No.133,0
Zheng_3074,0
Zhou_01771,0
Yu_Dou_No.23,0
Zhu_Dou_9715,0
Pu_Hai_No.10__-2,0
Yu_Dou_No.17,0
Zheng_77249,0
Yu_Dou_No.21,1
Yu_Dou_No.15,0
Zhou_Li_No.2,0
Zheng_No.196_-1,0
Zheng_92116-6,0
Yu_Dou_No.20,0
Zheng_02060-0-7-2,0
Yu_Dou_No.24,0
Zhou_002321,0
Zheng_Zhou_No.126,0
Zhu_Dou_No.19,0
Zhou_Dou_No.23,0
Zheng_No.196_-2,0
Shang_Dou_1310,0
Pu_Dou_857,0
Sui_Nong_No.15,0
Sui_Nong_No.8,1
Kang_Xian_No.2,0
Dong_Nong_No.42,0
Sui_Nong_No.20,0
Xiao_Li_Dou_No.9,1
Nen_Feng_No.15,0
He_Feng_No.39,0
Hei_He_No.27,0
He_Feng_No.43,0
He_Feng_No.40,0
He_Feng_No.45,0
He_Feng_No.55,0
Dong_Nong_No.48,0
He_Feng_No.29,0
Hei_He_No.43__*,0
Dong_Nong_No.53,0
Ken_Feng_No.23,0
Hei_Nong_No.33,0
Ken_Feng_No.11,0
Feng_Shou_No.2,0
Bei_Dou_No.49,0
Feng_Shou_No.17,0
Dong_Nong_No.49,0
Hei_Nong_No.63,0
Feng_Shou_No.10,0
He_Feng_No.50,0
Hei_He_No.18,0
Sui_Nong_No.4,0
Ken_Feng_No.7,0
Ken_Feng_No.9,0
Ken_Feng_No.10,0
Nen_Feng_No.18,0
Hei_He_No.7,1
Sui_Nong_No.35,0
Hei_Nong_No.44,0
Hei_He_No.8,0
Feng_Shou_No.9,0
Bei_Feng_No.2,0
Ken_Feng_No.16_-2,0
Ken_Feng_No.5,0
Hei_Jian_No.1,0
Hei_Nong_No.35,0
He_Feng_No.38,0
Tie_Feng_No.18_*,0
Feng_Shou_No.12,0
Ke_Jiao_112023,0
Sui_Nong_No.28,0
He_Feng_No.34,0
Feng_Shou_No.6,0
Hei_He_No.19,0
Hei_Nong_No.43,0
Bei_Dou_No.12,0
Sui_Nong_No.14_-1,0
Bei_Dou_No.17,0
He_Dou_No.3,0
Hei_He_No.24,0
Sui_Nong_No.1_-1,0
Sui_Fu_095016,0
Dong_Nong_L202,0
He_Dou_No.2,0
Bei_Dou_No.34,0
Hei_Nong_No.37_-2,0
Bei_Feng_No.11,0
Hei_He_No.30,0
Sui_Nong_No.26,0
Ken_Feng_No.16_-1,0
Hei_He_No.47,0
Kang_Xian_No.4,0
Hei_Jiao_092400,0
Ken_Dou_No.32,0
Hei_Jiao_092145,1
Jiu_Feng_No.1,0
Hei_Nong_No.61,0
Hei_He_No.14,1
Feng_Shou_No.16,0
Hei_He_No.3,0
He_Feng_No.37,0
Bei_Dou_No.16,0
Hei_He_No.31,0
Bei_Dou_No.5,0
Ken_Feng_No.13,0
Sui_Nong_14-3,0
He_Hang_2010239,0
Ken_Dou_No.26,0
He_Feng_No.24,0
Bei_Dou_No.26,0
Bei_Dou_No.38,0
Ken_Dou_No.31,0
Feng_Shou_No.13,0
PI597440B,0
Hei_He_No.39,0
He_Feng_No.23,0
Hei_He_No.26,0
Ken_Dou_No.28,0
Hei_He_No.45,0
He_Feng_No.36,0
He_Jiao_11188,0
Bei_Dou_No.40,0
Sui_Nong_No.23,0
Bei_Dou_No.6,0
He_Jiao_11881,0
Sui_093690,0
Ke_Jiao_10268,0
Feng_Shou_No.15,0
Dong_Nong_No.54,0
Hei_Nong_No.54,0
He_Feng_No.44,0
Ke_Jiao_11304,0
Ha_89015,0
He_Feng_No.47,0
Jin_Yuan_No.55_-1,0
Hui_Nong_0810,0
Hei_He_No.12,1
Hei_He_No.15,0
Bei_Dou_No.30,0
Sui_02339,0
Ke_Jiao_091724,0
Bei_Feng_No.8,0
Hei_He_No.9,0
Feng_Shou_No.22,0
Sui_093577,0
Ken_Feng_No.20,0
Hei_He_No.28,1
Hei_He_No.38,0
Hei_He_No.10,0
Hei_Nong_No.46,0
He_N12-834,0
Hei_He_No.53,0
Hei_He_No.37,1
He_Jiao_2010230,0
Hei_He_No.52,0
Dong_Nong_No.4,0
Hei_He_No.49,0
Bei_Feng_No.9,0
Bei_Dou_No.42,0
Hei_Nong_No.65_-1,0
Dong_Nong_No.46,0
Bei_Feng_No.14,0
Dong_Nong_1125,0
Sui_Nong_No.18,0
Hei_Nong_No.45,0
Hei_He_No.5,0
Bei_Dou_No.54,0
Hei_Long_Jiang_No.41_-1,0
Ha_96016,0
Ke_Jiao_11-1124,0
Feng_Shou_No.5,0
Hei_He_No.51,0
Ke_Shan_No.1_*,0
Hei_He_No.41,0
Ken_Feng_No.17,0
Hei_Nong_No.53,0
Feng_Shou_No.19,0
Sui_02336,1
Sui_Nong_No.24,0
Hong_Feng_No.11,0
Hei_He_No.40,0
Sui_Nong_No.19,0
Sui_Nong_No.1_-2,0
Ken_Feng_No.12,0
Dong_Nong_No.56,0
Bei_Dou_No.33,1
Bei_Dou_No.35,0
Sui_Nong_No.12,0
Hei_Nong_No.56,0
Dong_Nong_No.55,0
Ke_Fu_11707,0
Ha_No.969,0
Ken_Dou_No.34,0
Ha_91016_-1,0
Jiu_Feng_No.6,1
Jiu_Nong_No.24,0
Bei_Dou_No.24,0
Hei_He_No.20,1
Hei_He_No.17,0
He_0201667,0
Hei_He_No.13,0
Bei_Dou_No.19,0
Hei_He_No.34,0
Dong_Nong_0112,0
He_Feng_No.42,0
PI597440C,0
Hei_He_No.32,0
Hei_Nong_No.38,0
Ken_Jian_No.28,0
Hei_He_No.16,1
Ke_Jiao_09333,0
Ke_12-1050,0
Bei_Dou_No.36,0
He_Jiao_2010651,0
Ken_Feng_No.22,0
Hei_He_No.29,1
Dong_Nong_No.163,1
Dong_Nong_No.61,0
Hei_Nong_No.66,0
Hei_Nong_No.52,0
Feng_Shou_No.20,0
Hei_He_No.23,0
Ken_Dou_No.36,0
Bei_Dou_No.46,0
Hei_He_No.50,0
Hei_Nong_No.62,0
Dong_Nong_9602,0
Bei_Dou_No.53,0
Sui_Nong_No.11,0
Sui_Nong_No.5,0
He_Hang_2010376,0
Bei_Dou_No.52,0
He_Feng_No.41,0
Bei_Dou_No.41,0
Ha_No.963,0
Jiu_Nong_No.26,0
Feng_Shou_No.7,0
Hei_He_No.35,0
Hei_He_No.33,0
Feng_Shou_No.26,0
Sui_096081,0
Jiu_Feng_No.3,0
Nen_Feng_No.12,0
Sui_Nong_No.3,0
Feng_Shou_No.27,0
He_0023,0
Hei_He_No.48,0
Hei_Nong_No.67,0
Nen_Feng_No.17,1
Jiu_Feng_No.8,0
Dong_Nong_No.57,0
Jiu_Feng_No.10,0
Hei_He_No.44,0
Hei_Jiao_091553,0
Dong_Nong_No.1,0
Feng_Shou_No.1,1
Dong_Nong_No.60,1
Dong_Nong_No.434,1
Jiu_Feng_No.7,0
Dong_Da_No.1,0
Feng_Shou_No.23,0
Ha_9854041,0
Hei_He_No.42,0
Hei_He_No.21,0
Sui_Fu_105070,0
Sui_Nong_No.17,0
Ke_4430-20,1
Bei_Dou_No.10,0
Hei_Nong_No.37_-1,0
Feng_Shou_No.14,0
Hei_Jiao_011778,0
Sui_107283,0
Hei_He_No.25,0
Feng_Shou_No.24_-1,0
Hei_He_No.54,0
Feng_Shou_No.25,0
Sui_Nong_No.34,0
PI548340,1
Sui_Nong_085262,0
Hong_Feng_No.8,0
Hei_He_No.6,1
Long_Pin_03-311,0
Hei_Long_Jiang_No.41_-2,0
Hei_Nong_No.11,0
Hei_Nong_No.50_-1,1
Ke_Jiao_101518,0
Hei_He_No.22,0
Hong_Feng_No.3,0
Bei_Dou_No.8,0
Hong_Feng_No.2,0
Jiu_Nong_No.9,0
Feng_Shou_No.24_-2,0
Feng_Shou_No.21,0
Sui_Nong_No.29,0
Bian_Jing,0
Sui_Nong_No.6,0
Bei_Feng_No.3,0
Ken_Nong_No.30,0
Mu_Feng_No.1_-2,0
Kang_Xian_No.9,0
Dong_Nong_01-1234,0
Feng_Shou_No.11,0
He_Feng_No.33,0
Ken_Feng_No.18,0
Nen_Feng_No.4,0
Dong_Da_No.2,0
Hei_Nong_No.34,0
Hei_Nong_No.30,0
Sui_Nong_No.31,0
Mu_Feng_No.1_-3,1
Wea,1
Dong_Nong_No.37,0
Bei_Dou_No.2,0
Mu_Feng_No.7,0
Hei_Nong_No.47,0
Hei_Nong_No.16,0
Hei_Nong_No.31,0
Hei_Nong_No.23,0
Jiu_Feng_No.4,0
Dong_Nong_No.33,1
Hei_Nong_No.28,1
Hei_Nong_No.26,0
Bei_Dou_No.37,0
Hei_Nong_No.32,0
Ha_91016_-2,0
Hei_Nong_No.3,1
Ken_Nong_No.28,0
Hei_Nong_No.6,1
Sui_Nong_No.44,0
Sui_Nong_No.42,0
Sui_Nong_No.36,0
Nen_Ao_No.5,0
Ken_Nong_No.31,0
Ken_Feng_No.16,0
Ken_Dou_No.65,0
Ken_Dou_No.43,0
Ken_Dou_No.40,0
Ken_Dou_No.39,0
Ke_Shan_No.1_-2,0
Jin_Yuan_No.55_-2,0
Hei_Nong_No.83,0
Hei_Nong_No.75,0
Hei_Nong_No.71,0
Hei_Nong_No.70,0
Hei_Nong_No.65_-2,0
Hei_Nong_No.55,0
Hei_He_No.43_-2,0
He_Nong_No.97,0
He_Nong_No.95,0
He_Nong_No.75,0
He_Nong_No.71,0
He_Nong_No.70,0
Dong_Sheng_No.7_-2,0
Dong_Sheng_No.6,0
Dong_Sheng_No.53,0
Dong_Sheng_No.52,0
Dong_Sheng_No.50,0
Dong_Sheng_No.48,0
Dong_Sheng_No.47,0
Dong_Sheng_No.45,0
Dong_Sheng_No.44,0
Dong_Sheng_No.42,0
Dong_Sheng_No.41,0
Dong_Sheng_No.40,0
Dong_Sheng_No.39,0
Dong_Sheng_No.38,0
Dong_Sheng_No.37,0
Dong_Sheng_No.36,0
Dong_Sheng_No.35,0
Dong_Sheng_No.34,0
Dong_Sheng_No.33,0
Dong_Sheng_No.29,0
Dong_Sheng_No.27,0
Dong_Sheng_No.2,0
Dong_Sheng_No.17,0
Dong_Sheng_No.16,0
Dong_Sheng_No.1_-3,0
Gong_An_You_Zai_Dou,1
Hu_Bei_Ai_Jiao_Dou,1
Tong_Shan_Huang_Dou,0
Tian_Long_No.1,0
En_Dou_No.31,0
Xiang_Chun_Dou_No.18,0
Xiang_Chun_Dou_No.23,0
Ji_Lin_No.20,0
Ji_Yu_No.84,0
Zhang_Nong_No.17,0
Zhang_Nong_No.15,0
Zi_Hua_Dou,1
Ji_Yu_No.69,0
Ji_Yu_No.50,0
Ji_Mi_Dou_No.1,0
Ji_Ke_Dou_No.2,0
Ji_Lin_No.41,0
Ji_Nong_No.21,0
Ji_Yu_No.57,0
Jiu_Nong_No.20,0
Ji_Yu_No.55,0
Ji_Yu_No.89,0
Jiu_Nong_No.29,0
Ji_Lin_No.36,1
Jiu_Nong_No.25,0
Gong_Jiao_2003327,0
Ji_Lin_No.43_-2,0
Ji_No.94,0
Ji_Yu_No.68,0
Ji_Lin_Xiao_Li_Dou,0
Jiu_Nong_No.31,0
Ji_Lin_No.38,0
Ji_Yu_No.52,0
Ji_Yu_No.71,1
Ji_Ke_Dou_No.5,0
Ji_Nong_No.22,1
Ji_Dou_No.7__-1,0
Ji_Yu_No.77,0
Ji_Lin_No.27,0
Ji_Lin_No.30,0
Jiu_Nong_No.22,0
Ji_Yu_No.62,0
Ji_Yu_No.31,0
Ji_Lin_Xiao_Li_No.4,0
Ji_Yu_No.64_-1,0
Ji_Dou_No.15_-1,0
Gong_Jiao_2003305,0
Ji_Yu_No.67,0
Ji_Yu_No.66,0
Ji_Lin_No.47,0
Ji_Lin_Xiao_Li_No.1,0
Ji_Lin_No.1,1
Ji_Yu_No.73,0
Ji_Yu_No.70,0
Ji_Lin_No.39_-1,0
Ji_Yu_No.64_-2,0
Ji_Lin_No.44,1
Ji_Lin_No.26,0
Gong_Ye_03-5570,0
Gong_Ye_03-7239,0
Ji_Yu_No.88,0
Ji_Lin_No.5,0
Ji_Lin_No.39_-2,0
Zao_Feng_No.1,1
Gong_Ye_04-L15,0
Ji_Lin_No.24,0
Gong_Ye_5056,0
Gong_Ye_04_L-141,0
Za_Jiao_Dou_No.1,0
Ji_Lin_No.34,0
Ji_Lin_Cha_Li_Hua,0
Ji_Lin_No.43_-1,0
Ji_Yu_No.72,0
Ji_Nong_No.48,0
Ji_Nong_No.45,0
Ji_Nong_No.44,0
Ji_Nong_No.43,0
Ji_Nong_No.41,0
Chang_Nong_No.39,0
Chang_Nong_No.26,0
Chang_Nong_No.16,0
Huai_Dou_No.3,0
Nan_Nong_No.701,0
Nan_Nong_No.28,0
Su_6-77,0
Jiang_Yin_Huang_Dou,0
Xu_Dou_No.20,0
Xu_Dou_No.15_-2,0
Sui_Ke_No.8,0
Nan_Nong_No.32,0
Nan_Nong_99-10,0
Su_Xie_No.1,0
Xu_Dou_9313,0
Xu_94166_B,0
Sui_Ke_No.9,0
Sui_Ke_No.15,0
Xu_Dou_No.1_*,1
Nan_Nong_No.31,0
Su_No.73,0
Nan_Nong_1606,0
Xu_Dou_No.18_-2,0
Dong_Xin_No.2,0
Huai_Dou_No.12,0
Si_Yang_No.288,0
Nan_Nong_86-4,0
Nan_Nong_No.34,0
Nan_Nong_8929,0
Nan_Nong_No.12,0
Xu_Dou_No.3,0
Jin_Tan_Ni_Dou_No.3,0
Xu_Dou_No.18_-1,0
Ru_Dong_Wan_Lv_Huang,0
Xu_0901,0
Tai_Xing_Hei_Dou_-1,1
Nan_Nong_No.415_-1,0
Zhen_Jiang_Huang_Dou,0
Nan_Nong_No.33,0
77-391-1,0
Huai_Ke_No.12,0
Yi_Xing_Qing_Huang_Dou,0
Xu_Dou_No.21,0
Tong_Dou_No.3,0
Tong_1602,0
Nan_Nong_No.415_-2,0
Nan_Nong_No.41,0
Nan_Dou_No.12,0
Huai_Dou_No.10,0
Gan_Dou_No.7,0
Gan_Dou_No.8,0
Gan_Dou_No.4,0
Liao_Dou_No.14,0
Kai_Dou_No.16,0
Liao_Dou_No.23,0
Liao_Dou_No.13_-2,0
Shen_8512,0
Tie_Feng_No.39,0
Shen_8510,0
Tie_Feng_No.29,0
Tie_Feng_No.32,0
PI548430,1
Liao_Dou_No.20,0
Liao_Dou_No.19,0
Liao_Dou_No.13_-1,0
Liao_Xian_No.1__-1,0
Kai_Dou_No.4,0
Liao_02_Q117,0
Liao_Dou_13_(2),0
Shen_946136_-2,0
Tie_Dou_No.49,0
Liao_Dou_No.18,0
Liao_02140,0
Liao_08_Pin_No.28,0
Shen_946136_-1,0
Tie_Feng_No.8,0
Liao_Xian_No.1__-2,0
Liao_Dou_No.30,0
Tie_Dou_No.99,0
Tie_Dou_No.98,0
Tie_Dou_No.93,0
Tie_Dou_No.92,0
Tie_Dou_No.89,0
Tie_Dou_No.86,0
Tie_Dou_No.85,0
Tie_Dou_No.84,0
Tie_Dou_No.82,0
Tie_Dou_No.81,0
Tie_Dou_No.80,0
Tie_Dou_No.67,0
Tie_Dou_No.43,0
Tie_Dou_No.27,0
Shen_Nong_No.8,0
Liao_Xian_Dou_No.2,0
Liao_Dou_No.56,0
Liao_Dou_No.52,0
Liao_Dou_No.50,0
Liao_Dou_No.49,0
Liao_Dou_No.48,0
Liao_Dou_No.47,0
Liao_Dou_No.46,0
Liao_Dou_No.45,0
Liao_Dou_No.44,0
Liao_Dou_No.43,0
Liao_Dou_No.42,0
Liao_Dou_No.34,0
Liao_Dou_No.32,0
Liao_Dou_No.15_-2,0
Kai_Yu_No.12,0
Fu_Dou_No.28,0
Fu_Dou_No.27,0
Dan_Dou_No.22,0
Dan_Dou_No.18,0
Meng_Dou_No.12,1
Deng_Ke_No.5,0
E_Dou_No.5,0
Meng_Dou_No.38,0
Deng_Ke_No.3_-2,0
Meng_Dou_No.37_-1,0
Meng_Dou_No.14,1
Meng_Dou_No.37_-2,0
Meng_9793-1,0
Deng_Ke_No.8,0
Meng_Dou_No.36_-1,0
Deng_Ke_No.1,0
Deng_Ke_No.5_-3,0
Meng_Dou_No.9_(2),0
Meng_Dou_No.19,0
Sheng_Dou_No.15,0
Meng_Ke_Dou_No.4,0
Meng_Ke_Dou_No.2,0
Meng_Dou_No.45,0
Meng_Dou_No.44,0
Meng_Dou_No.43,0
Meng_Dou_No.42,0
Meng_Dou_No.39,0
Meng_Dou_No.36_-2,0
Meng_Dou_No.359,0
Meng_Dou_No.30,0
Meng_Dou_No.13,0
Meng_1101,0
Deng_Ke_No.14,0
Chi_Dou_No.4,0
Chi_Dou_No.3,0
Ning_Dou_No.4,1
Ning_Dou_No.3,1
Qin_Dou_No.8,0
Qu_Jiang_Huang_Keng_Dong_Dou,0
Qin_Dou_No.10,0
Lu_Dou_No.12,0
He_Dou_No.21,0
Shan_Ning_No.15,0
Ji_087131,0
Lu_Guan_Dou_No.1,0
Lin_Dou_No.9,0
He_0547,0
Gao_Zuo_Xuan_No.1,0
He_Dou_No.15,0
Lu_96150,0
Lu_Dou_No.10,0
Lu_Dou_No.1,1
Yan_Huang_No.3,0
Wei_Dou_No.274,0
He_Dou_No.14,0
Shan_Ning_No.14,0
Qi_Huang_No.36,0
Qi_Huang_No.34_*,0
Qi_Huang_No.35,0
Ji_4103,0
Wei_Dou_No.9,0
Qi_Huang_No.29,0
Qi_Huang_No.13,0
De_Dou_9916,0
Lu_Dou_No.4_-2,0
Qi_Huang_No.28_-1,0
Qi_Huang_No.1,0
Lu_Ning_Yi_Hao,0
Shan_Ning_No.18,0
Shan_Ning_No.17,0
Qi_Nong_No.5,0
Qi_Huang_No.34_-2,0
He_Dou_No.20,0
He_Dou_No.12_-2,0
Fen_Dou_No.61,0
Fen_Dou_No.53,0
SN_Jian_Zi_-3,0
XY501-2,0
Shan_Xi_Huang_Dou_No.2,0
SN_Yuan_Bai,0
XY501-1,0
SN_Yuan_Zi,0
SN_Jian_Zi_-5,0
SN_Jian_Zi_-1,0
Jin_Dou_No.24,0
JX-1,0
SN_Jian_Bai,0
SN_Nian_Zi_-4,0
SN_Jian_Zi_-2,0
L-6,0
XY501-5,0
Fen_Dou_No.97,0
Jin_Dou_No.32,0
XY501-3,0
Jin_Dou_No.3,1
Jin_Dou_No.40,0
JX-2,1
Jin_Da_No.53,0
Jin_Dou_No.12,1
Jin_Dou_No.33,0
Fen_Dou_No.45,0
Jin_Dou_No.42,0
Jin_Dou_No.482,0
Fen_Dou_No.77,0
Jin_Yi_No.42,0
Jin_Dou_No.8,0
Fen_Dou_No.50,0
XY501-4,0
XY501-6,0
Jin_Dou_No.7,0
Fen_Dou_No.72,0
Jin_Da_No.36,0
Jin_Dou_No.22,0
SN_501,0
Jin_Zao_1251,0
Jin_Dou_No.38,0
Jin_Dou_No.15_-1,0
Jin_Dou_No.4,0
Jin_Dou_No.18,0
Jin_Yi_No.19,0
Fen_Dou_5826,0
Jin_Yi_No.30,0
Jin_Da_No.80,0
Jin_Zao_1252,0
Jin_Yi_No.20,0
Fen_Dou_No.71,0
Jin_Da_No.57,0
Fen_Dou_No.11,0
Jin_Yi_No.9,0
Zhang_Nong_No.5,0
Jin_Dou_No.31,0
Fen_Dou_No.31_-2,0
Zhang_Nong_No.14,0
Jin_Dou_7203-3,1
Fen_Dou_No.31_-1,0
Zhang_Nong_No.4,0
Zhang_Nong_No.21,0
Jin_Dou_No.15_-2,0
Jin_Dou_No.13_-1,0
Jin_Dou_No.11,0
Jin_Dou_No.9,0
Jin_Dou_No.23_Big_Seed,0
Jin_Dou_No.13_-2,0
Zhang_Nong_No.23,0
Jin_Ai_No.5,0
Tai_Yuan_No.47,0
Jin_Dou_No.5,0
Jin_Dou_23_Mt,0
Jin_Dou_No.6,0
Jin_Dou_No.514,0
Zhang_Nong_No.20,0
Zhang_Nong_No.19,0
Jin_Dou_No.47,0
Jin_Dou_No.39_-2,0
Jin_Dou_No.19_-2,0
Fen_Dou_No.93,0
Jia_Ding_Shang_Hai_Dou,0
Chuan_Dou_No.6,0
Gong_Dou_No.12,0
Nan_Xia_Dou_No.25_-1,0
Dian_Jiang_Zao_Huang_Dou,1
Jing_Huang_No.352,1
Nan_Xia_Dou_No.25_-2,0
Xin_Ba_Da_No.2,0
Dian_86-5,0
Yi_Wu_Liu_Wang,0
Lan_Xi_Da_Qing_Dou,0
Sheng_Xian_Qing_Ming_Dou,0
Xian_Ju_Xiao_Hei_Dou,1
Yu_Hang_Liu_Wang,0
Yong_Kang_Tie_Jiang_Dou,1
Zhe_Chun_No.3,0
Feng_Dou_Zao_Hei_Dou,0
PI548384,1
PI548337,0
PI548416,1
PI548407,0
PI548325,1
Kunitz,0
PI548619,0
Hodgson,1
Lee,0
PI552538,0
Essex,0
,0
,1
,1
,1
,1
,1
,1
,1
,1
,0
,1
,1
,0
,1
,0
,1
,1
,1
,1
,1
,1
,1
,1
,0
,0
,0
,0
,0
,0
,0
,1
,1
,0
,0
,0
,0
,0
,0
,0
,0
,0
,0
,0
,0
,0
,0
,0
,0
,0
,0
,0
,0
,0
,0
,0
,0
,0
,0
,0
,0
,0
,1
,0
,0
,1
,0
,0
,0
,0
,1
,0
,0
,0
,0
,0
,1
,1
,0
,0
,0
,0
,0
,1
,0
,0
,0
,0
,0
,0
,0
,0
,0
,0
,0
,0
,0
,0
,0
,0
,0
,1
,1
,0
,0
,0
,0
,0
,0
,0
,0
,0
,0
,0
,0
,0
,1
,0
,1
,0
,0
,1
,1
,0
,0
,0
,0
,0
,0
,0
,0
,0
,0
,0
,0
,0
