Accesion,GRIN_Accesion,WT/MUT,type
G01,,0,
G02,,0,
G03,,0,
G04,,0,
G05,,0,
G06,,0,
G07,,0,
G08,,0,
G09,,0,
G10,,0,
G11,,0,
G12,,0,
G13,,0,
G14,,0,
G15,,0,
G16,,0,
HN001,,0,
HN002,,0,
HN003,,0,
HN004,,0,
HN015,,0,
HN019,,0,
HN020,,0,
HN021,,0,
HN024,,0,
HN029,,0,
HN051,,1,
HN055,,0,
HN073,,0,
HN077,,0,
HN080,,0,
HN097,,0,
KB1-54,,0,
KB1001,,1,
KB1002,,1,
KB1003,,0,
KB1004,,0,
KB1005,,0,
KB1006,,1,
KB1007,,0,
KB1008,,0,
KB1009,,0,
KB1010,,0,
KB1011,,0,
KB1012,,0,
KB2-15,,0,
KB3-23,,0,
KB4-56,,0,
KB5-68,,0,
KB6-64,,0,
KB7-65,,0,
NDseq21-1,,0,
NDseq21-10,,0,
NDseq21-11,,0,
NDseq21-12,,0,
NDseq21-13,,0,
NDseq21-14,,0,
NDseq21-15,,0,
NDseq21-16,,0,
NDseq21-17,,0,
NDseq21-18,,0,
NDseq21-19,,0,
NDseq21-2,,0,
NDseq21-20,,0,
NDseq21-21,,0,
NDseq21-22,,0,
NDseq21-23,,0,
NDseq21-24,,0,
NDseq21-25,,0,
NDseq21-26,,0,
NDseq21-27,,0,
NDseq21-28,,0,
NDseq21-29,,0,
NDseq21-3,,0,
NDseq21-30,,0,
NDseq21-4,,0,
NDseq21-5,,0,
NDseq21-6,,0,
NDseq21-7,,0,
NDseq21-8,,0,
NDseq21-9,,0,
Oleic1,,0,
Oleic10,,0,
Oleic11,,0,
Oleic12,,0,
Oleic13,,0,
Oleic14,,0,
Oleic15,,0,
Oleic16,,0,
Oleic17,,0,
Oleic18,,0,
Oleic19,,0,
Oleic2,,0,
Oleic20,,0,
Oleic21,,0,
Oleic22,,0,
Oleic23,,0,
Oleic24,,0,
Oleic3,,0,
Oleic4,,0,
Oleic5,,0,
Oleic6,,0,
Oleic7,,0,
Oleic8,,0,
Oleic9,,0,
SJ-25,,1,
SJ-35,,1,
sort_KB-1,,0,
sort_KB-2,,0,
sort_KB-3,,0,
SRR1533215,,0,
SRR1533254,,0,
SRR1533255,,0,
SRR1533258,,0,
SRR1533280,,0,
SRR1533294,,0,
SRR1533316,,0,
SRR1533379,,0,
SRR1533394,,0,
SRR1533414,,0,
SRR1533434,,0,
SRR1533440,,0,
SRR4453476,,0,
SRR4453817,,0,
SRR8146042,,0,
SRR8146142,,0,
SRR8148298,,0,
SRR8148301,,0,
SRR8148303,,0,
SRR8148314,,0,
SRR8148315,,0,
SRR8148958,,0,
SRR8148974,,0,
SRR8154007,,0,
SRR8154649,,0,
USB-092,,0,
USB-246,,0,
USB-266,,0,
xtra1,,0,
xtra2,,0,
xtra3,,0,
xtra4,,0,
xtra5,,0,
xtra6,,0,
CRR107852,Zhou_96_(21)_227,0,
CRR107970,Sui_Nong_14-3,0,
CRR108396,Liao_Dou_13_(2),0,
CRR108454,Meng_Dou_No.9_(2),0,
CRR108834,Century_Lx13,0,Elite
USB-002,FC33243,0,Elite
CRR108616,PI591547-1,0,Elite
CRR108633,PI561405,1,Elite
CRR108824,PI548581,0,Elite
CRR108703,WL82,0,Elite
CRR108704,PI591547-2,0,Elite
CRR108708,PI533657,0,Elite
CRR108709,PI634761,0,Elite
CRR108723,PI591541-1,0,Elite
SRR1533432,PI634883,0,Elite
CRR108744,PI597656,0,Elite
CRR108751,PI578058,0,Elite
CRR108821,NE3001,0,Elite
CRR108772,PI546374,0,Elite
CRR108864,PI546375,0,Elite
SRR1533365,PI548638,0,Elite
SRR1533375,PI548644,0,Elite
SRR1533389,PI548643,0,Elite
SRR1533429,PI548593,0,Elite
SRR1533347,PI591432,0,Elite
SRR1533360,PI591433,0,Elite
SRR1533446,PI591431,0,Elite
SRR1533426,PI508083,0,Elite
SRR1533438,PI513382,0,Elite
SRR1533451,PI542403,0,Elite
CRR108753,PI548501,0,Elite
CRR108754,PI583365,0,Elite
CRR108755,PI542403,0,Elite
CRR108757,PI542769,0,Elite
USB-045,PI592523,0,Elite
USB-270,PI548582,0,Elite
SRR1533381,PI591435,0,Elite
USB-269,PI548572,0,Elite
USB-328,PI567782,0,Elite
CRR108701,PI540554,0,Elite
CRR108736,PI548551,0,Elite
CRR108737,PI548618,0,Elite
CRR108738,PI548524,0,Elite
CRR108740,PI539861,0,Elite
CRR108743,PI539864,0,Elite
CRR108748,PI548551,0,Elite
CRR108752,PI542042,0,Elite
USB-033,PI548561,0,Elite
CRR108778,PI548599,0,Elite
CRR108784,PI548509,0,Elite
SRR1533415,PI548573,0,Elite
HN070,PI548511,0,Elite
SRR1533362,PI533655,0,Elite
SRR1533371,PI548540,0,Elite
SRR1533384,PI548512,0,Elite
SRR1533402,PI548565,0,Elite
CRR108685,PI548569,0,Elite
CRR108692,PI542045,0,Elite
CRR108696,PI518676,0,Elite
CRR108716,PI540556,0,Elite
SRR1533427,PI591541,0,Elite
CRR108733,PI548507,0,Elite
CRR108739,PI539861,1,Elite
CRR108742,PI548690,0,Elite
CRR108746,PI539860,0,Elite
CRR108747,PI537094,0,Elite
USB-032,PI548520,0,Elite
USB-265,PI548521,0,Elite
CRR108771,PI540552,0,Elite
CRR108777,PI548565,0,Elite
CRR108671,PI509044,0,Elite
HN065,PI542044,0,Elite
SRR1533351,PI548634,0,Elite
SRR1533395,PI548631,0,Elite
SRR1533423,PI536635,0,Elite
USB-282,PI556511,0,Elite
CRR108712,PI548632,0,Elite
CRR108714,PI542046,0,Elite
CRR108719,PI518674,0,Elite
CRR108731,PI542046,0,Elite
HN087,PI591539,0,Elite
HN088,PI593258,0,Elite
HN092,PI597387,0,Elite
SRR1533436,PI591511,0,Elite
CRR108741,PI548543,0,Elite
CRR108745,PI548587,0,Elite
CRR108790,IA3023,0,Elite
HN030,PI598124,0,Elite
CRR108767,PI583837,0,Elite
CRR108768,PI552538,0,Elite
CRR108770,PI540551,0,Elite
CRR108773,PI534647,0,Elite
CRR108774,PI548612,0,Elite
CRR108775,PI548387,0,Elite
USB-059,FC29333,0,Elite
HN101,PI658519,0,Elite
CRR108718,PI548563,0,Elite
CRR108764,PI560206,0,Elite
CRR108776,PI543856,0,Elite
SRR1533266,PI438498,0,Elite
SRR1533387,PI515961,0,Elite
SRR1533417,PI548604,0,Elite
CRR108686,PI548314,0,Elite
CRR108710,PI597382,0,Elite
CRR108728,PI572240,0,Elite
HN099,PI639740,0,Elite
SRR1533348,PI591495,0,Elite
USB-271,PI548619,0,Elite
USB-038,PI559932,0,Elite
USB-272,PI548633,0,Elite
CRR108761,PI543793,0,Elite
CRR108763,PI518663,0,Elite
CRR108765,PI543794,0,Elite
CRR108766,PI595363,0,Elite
HN013,S05-11482,0,Elite
HN027,S10-11227,0,Elite
HN102,S07-5049,0,Elite
USB-018,PI518668,0,Elite
CRR108783,PI548392,0,Elite
USB-400,PI632418,0,Elite
HN014,PI548667,0,Elite
CRR108679,PI553052,0,Elite
USB-274,PI548696,0,Elite
CRR108759,PI548655,0,Elite
CRR108762,PI543795,0,Elite
HN028,PI572239,0,Elite
USB-358,PI594922,0,Elite
CRR108779,PI548974,0,Elite
CRR108780,PI564849,0,Elite
USB-364,PI598358,0,Elite
CRR108781,PI518664,0,Elite
HN103,V71-370,0,Elite
SRR1533405,PI508266,0,Elite
SRR1533419,PI533602,0,Elite
SRR1533441,PI548985,0,Elite
USB-058,PI548658,0,Elite
CRR108758,PI533604,0,Elite
USB-001,PI548656,0,Elite
USB-276,PI548978,0,Elite
SRR1533356,PI553047,0,Elite
CRR108680,PI548660,0,Elite
CRR108750,PI567789,0,Elite
USB-411,PI567788,0,Elite
HN100,PI647086,0,Elite
CRR108785,8801,0,Elite
CRR108786,H-Dt2_E5,0,Elite
CRR108787,0001-14-1,0,Elite
CRR108788,0912,0,Elite
CRR108789,0919,0,Elite
CRR108791,831,0,Elite
CRR108792,PI632661A,0,Elite
CRR108793,22p-17,0,Elite
CRR108794,96150,0,Elite
CRR108795,ZK166,0,Elite
CRR108796,Feng_8-3,0,Elite
CRR108797,7041,0,Elite
CRR108799,34371,0,Elite
CRR108801,2015,0,Elite
CRR108802,Prang,0,Elite
CRR108803,2635,0,Elite
CRR108804,9702,0,Elite
CRR108805,Grimpo,0,Elite
CRR108806,71413,0,Elite
CRR108807,34374,0,Elite
CRR108808,ZK164,0,Elite
CRR108809,26_P-22,0,Elite
CRR108810,24_P-16,0,Elite
CRR108811,0001-19-11,0,Elite
CRR108812,B406,0,Elite
CRR108813,97-126,0,Elite
CRR108814,KJ10-268,0,Elite
CRR108815,71423,0,Elite
CRR108817,99-180,0,Elite
CRR108818,Magnolid,0,Elite
CRR108819,8101,0,Elite
CRR108820,23P-1,0,Elite
CRR108822,616192,0,Elite
CRR108823,25p-24,0,Elite
CRR108825,PI632662,1,Elite
CRR108827,HK-13,0,Elite
CRR108828,26_P-23,0,Elite
CRR108829,B602,0,Elite
CRR108830,85140,0,Elite
CRR108831,19_P-7,0,Elite
CRR108832,Nova,0,Elite
CRR108833,24_P-17,0,Elite
CRR108835,698-4,0,Elite
CRR108836,KJ09-95,0,Elite
CRR108837,24_P-4,0,Elite
CRR108838,24_P-26,0,Elite
CRR108839,219-1-1,0,Elite
CRR108840,Boige_Du_Lot_Et_Geronne,0,Elite
CRR108841,Lna,0,Elite
CRR108842,BR121,0,Elite
CRR108843,unknown_-1,0,Elite
CRR108844,Parangonia,0,Elite
CRR108845,He_Er_Song_No.2,0,Elite
CRR108846,ZK191,0,Elite
CRR108847,219-1-2,0,Elite
CRR108848,Fas-2_From_Karen_Pudue,0,Elite
CRR108849,HP25,0,Elite
CRR108850,Su165,0,Elite
CRR108851,805,0,Elite
CRR108852,K08-32,0,Elite
CRR108853,Payette,0,Elite
CRR108854,95-13-20,0,Elite
CRR108855,Mattawa,0,Elite
CRR108856,0009-3-1,0,Elite
CRR108858,8588,0,Elite
CRR108859,Frankin,0,Elite
CRR108860,K07-58,0,Elite
CRR108861,N66,0,Elite
CRR108862,34677,0,Elite
CRR108863,Mattosan,1,Elite
CRR108865,23_P-12,0,Elite
CRR108866,K02-17,0,Elite
CRR108867,K08-33,0,Elite
CRR108868,K05-1-8,0,Elite
CRR108869,8033-28,0,Elite
CRR108870,Farrer,0,Elite
CRR108871,99-180y-92,0,Elite
CRR108872,OS2-1-4,0,Elite
CRR108873,80543-76,0,Elite
CRR108874,01-14-18,0,Elite
CRR108875,0001-19-2-1,0,Elite
CRR108876,E215,0,Elite
CRR108877,K14-2,0,Elite
CRR108878,K02-31,0,Elite
CRR108879,K112-1,0,Elite
CRR108880,N68,0,Elite
CRR108881,E223,0,Elite
CRR108882,MS_Core_Hybrid_Population,0,Elite
CRR108883,2496163,0,Elite
CRR108884,K07sp-1,0,Elite
CRR108885,K08-35,0,Elite
CRR108886,K04-13,0,Elite
CRR108887,K06-42,0,Elite
CRR108888,25p-26,0,Elite
CRR108889,B419,0,Elite
CRR108890,K07-116,0,Elite
CRR108891,K14-4,0,Elite
CRR108892,GY9112,0,Elite
CRR108893,K08-1-6,0,Elite
CRR108894,unknown_-2,0,Elite
CRR108895,2100512,0,Elite
CRR108896,K06-82,0,Elite
CRR108897,25_P-11,0,Elite
CRR108898,Ihb-5,0,Elite
CRR108899,B510-10,0,Elite
CRR108900,K9103,0,Elite
CRR108901,K06-47,0,Elite
CRR108902,26_P-28,0,Elite
CRR108903,K05-126,0,Elite
CRR108904,K9110-2,0,Elite
CRR108905,K070-2,0,Elite
CRR108906,Nf58,0,Elite
CRR108907,K06-28,0,Elite
CRR108908,K07-126,0,Elite
CRR108909,97-128,0,Elite
CRR108910,K115-1,0,Elite
CRR108911,B207,0,Elite
CRR108912,KF34-1,0,Elite
CRR108913,94-1-2-1,0,Elite
CRR108914,K9452,0,Elite
CRR108915,K9203,0,Elite
CRR108916,K05-36,0,Elite
CRR108917,SP0601-0-11,0,Elite
CRR108918,K9304,0,Elite
CRR108919,K05-7,0,Elite
CRR107566,Ba_Xi_No.9,0,Elite
CRR107567,Ba_Xi_-13,1,Elite
CRR107568,PI548646,0,Elite
CRR107569,PI548642,0,Elite
CRR107570,Maple_Amber,0,Elite
CRR107571,Maple_Ridge,0,Elite
CRR107572,Maple_Presto,0,Elite
CRR107573,Maple_Arrow,0,Elite
CRR107574,PI567787,0,Elite
CRR107575,PI548398,0,Elite
CRR107576,You_96-3,0,Elite
CRR107577,Xin_Tao_He_Dou,0,Elite
CRR107578,You_0776,0,Elite
CRR107579,Li_Di_Dou_No.1_-2,0,Elite
CRR107580,Xi_Xuan_No.19,0,Elite
CRR107581,Zhi_Jin_San_Jia_Huang_Dou,0,Elite
CRR107582,Xi_Ke_No.1,0,Elite
CRR107583,You_9632,0,Elite
CRR107584,Bian_Jing_Dou,0,Elite
CRR107585,Yi_Ning_San_Jing_Huang_Dou,0,Elite
CRR107586,Wan_Dou_No.2,0,Elite
CRR107587,Yang_Chun_Xiao_Li,0,Elite
CRR107588,Bian_Jing_Dou_No.3,0,Elite
CRR107589,Mi_No.95,0,Elite
CRR107590,SN_Zao_Huang_No.4,0,Elite
CRR107591,Ke_S1043,0,Elite
CRR107592,Dou_Guan_No.1,0,Elite
CRR107593,Shi_Pin_No.735,0,Elite
CRR107594,Ye_Xuan_No.157,0,Elite
CRR107595,Gun_Huang_No.1,0,Elite
CRR107596,You_9631,0,Elite
CRR107597,Yuan_Dou_No.1,0,Elite
CRR107598,Qing_Yuan_Xiao_Qing_Dou,0,Elite
CRR107599,Jin_Yuan__-1,0,Elite
CRR107600,SN_Zao_Huang_No.2,0,Elite
CRR107601,Bi_Dou_No.2,0,Elite
CRR107602,PI612754,0,Elite
CRR107603,Zhuan_Da_Dou_No.1,0,Elite
CRR107604,Zhong_Nong_Shi_-1,0,Elite
CRR107605,Da_Bei_Nong,0,Elite
CRR107606,Jian_No.31,0,Elite
CRR107607,Tu_Mo_Shi_Dou,0,Elite
CRR107608,11_Nian_Sou_Ji_-1,0,Elite
CRR107609,Bian_Jing_-1,0,Elite
CRR107610,Xi_Huang_Dou_-9,0,Elite
CRR107611,09_Nian_Sou_Ji_-1,0,Elite
CRR107612,Bian_Jing_-2,0,Elite
CRR107613,Li_Di_Dou_No.1_-1,0,Elite
CRR107614,Jin_Yuan_No.1,0,Elite
CRR107615,Peking_Mt_Strain,0,Elite
CRR107616,Hai_No.6088,0,Elite
CRR107617,Wan_Dou_No.32,0,Elite
CRR107618,Wan_Dou_No.15_-1,0,Elite
CRR107619,Chu_Dou_No.1,0,Elite
CRR107620,Wan_Dou_No.14,0,Elite
CRR107621,Wan_Dou_No.35,0,Elite
CRR107622,Wo_Dou_No.5,0,Elite
CRR107623,Wan_Xiu_2156,0,Elite
CRR107624,Wan_Xiu_5717,0,Elite
CRR107625,Wan_Dou_No.31,0,Elite
CRR107626,Wan_Dou_No.21_-1,0,Elite
CRR107627,Fei_Dong_Huang_Da_Dou,0,Elite
CRR107628,Bu_9012,0,Elite
CRR107629,Bu_85-53-21,0,Elite
CRR107630,Wan_Dou_No.16,0,Elite
CRR107631,Bu_9363,0,Elite
CRR107632,Bu_8223-34-2,0,Elite
CRR107633,Wan_Dou_No.21_-2,0,Elite
CRR107634,Bu_8223-34-1,0,Elite
CRR107635,Bu_9277_A,0,Elite
CRR107636,Bu_9765,0,Elite
CRR107637,Bu_9027_A,0,Elite
CRR107638,Bu_97211-76,0,Elite
CRR107639,Wan_Dou_No.39,0,Elite
CRR107640,Wan_Dou_No.37,0,Elite
CRR107641,Wan_Dou_No.36,0,Elite
CRR107642,Wan_Dou_No.15_-2,0,Elite
CRR107643,Wan_Dou_21116,0,Elite
CRR107644,Wan_21116,0,Elite
CRR107645,Wan_20001,0,Elite
CRR107646,Fu_Dou_No.16,0,Elite
CRR107647,Zhong_Dou_No.43_-1,0,Elite
CRR107648,Zhong_Dou_No.8,0,Elite
CRR107649,Ke_Feng_No.28,0,Elite
CRR107650,Zhong_Dou_No.29_-2,0,Elite
CRR107651,Zhong_Dou_No.40,0,Elite
CRR107652,Zhong_Huang_No.74,0,Elite
CRR107653,Zhong_Dou_No.30,1,Elite
CRR107654,Zhong_Dou_No.32,0,Elite
CRR107655,Zhong_Huang_No.70,0,Elite
CRR107656,Zhong_Dou_No.41,0,Elite
CRR107657,Zhong_Huang_No.51,0,Elite
CRR107658,Jing_Huang_No.1,0,Elite
CRR107659,Ke_Feng_No.34,0,Elite
CRR107660,Ke_Feng_No.36,0,Elite
CRR107661,Zao_Shu_No.15,0,Elite
CRR107662,Ke_8502,0,Elite
CRR107663,Zhong_Dou_No.39,0,Elite
CRR107664,Tian_Long_No.1_-2,0,Elite
CRR107665,Zhong_Dou_No.29_-1,0,Elite
CRR107666,Ke_Feng_No.37,0,Elite
CRR107667,Zhong_Huang_No.79_-1,0,Elite
CRR107668,Tian_Long_No.1_-1,0,Elite
CRR107669,Zhong_Huang_No.22_-1,0,Elite
CRR107670,Ke_Xin_No.5,0,Elite
CRR107671,Zhong_Ye_No.2_-1,0,Elite
CRR107672,Tian_Long_No.2__-1,0,Elite
CRR107673,Zhong_Zuo_No.015,0,Elite
CRR107674,Zhong_Huang_No.29,0,Elite
CRR107675,Zhong_Huang_No.7,0,Elite
CRR107676,Zhong_Zuo_J8012,0,Elite
CRR107677,You_Bian_No.31,0,Elite
CRR107678,Yan_Qing_Yin,0,Elite
CRR107679,Zhong_Zuo_J9331,0,Elite
CRR107680,Ke_Feng_No.17,0,Elite
CRR107681,Zhong_Huang_No.42,0,Elite
CRR107682,Zhong_Huang_No.64,0,Elite
CRR107683,Zhong_Huang_No.37,0,Elite
CRR107684,Ke_Dou_No.7,0,Elite
CRR107685,Zhong_Dou_No.27_-2,0,Elite
CRR107686,Zao_Shu_No.1,0,Elite
CRR107687,Zhong_Huang_No.18_-2,0,Elite
CRR107688,You_Bian_No.32,0,Elite
CRR107689,Zhong_Huang_No.47,0,Elite
CRR107690,Zhong_Huang_No.56,0,Elite
CRR107691,Zhong_Huang_No.57,0,Elite
CRR107692,Zhong_Huang_No.63,0,Elite
CRR107693,Zhong_Pin_0353672,0,Elite
CRR107694,Zhong_Zuo_No.983,0,Elite
CRR107695,Zhong_Ke_1299,0,Elite
CRR107696,Zhong_Pin_035366,0,Elite
CRR107697,Zhong_Huang_No.62,0,Elite
CRR107698,Zhong_Huang_No.52,0,Elite
CRR107699,Zhong_Dou_No.5,0,Elite
CRR107700,Zhong_Huang_No.59,0,Elite
CRR107701,Zhong_Huang_No.46,0,Elite
CRR107702,Zhong_Huang_No.26,0,Elite
CRR107703,Zhong_Huang_No.68,0,Elite
CRR107704,Zhong_Zuo_969512,0,Elite
CRR107705,Ke_Xi_302113,0,Elite
CRR107706,Zhong_Huang_No.21,0,Elite
CRR107707,Zhong_Huang_No.60,0,Elite
CRR107708,Zhong_Zuo_No.105,0,Elite
CRR107709,Jing_No.283,1,Elite
CRR107710,Zhong_Huang_No.33,0,Elite
CRR107711,Zhong_Huang_No.75,0,Elite
CRR107712,Ke_Xi_Xuan_No.19,0,Elite
CRR107713,Zhong_Huang_No.45,0,Elite
CRR107714,Zhong_Huang_No.23,0,Elite
CRR107715,Zhong_Huang_No.27,0,Elite
CRR107716,Zhong_Huang_No.54,0,Elite
CRR107717,Ke_Yu_No.75,0,Elite
CRR107718,Ke_Xi_7821,0,Elite
CRR107719,Zao_Shu_No.4,0,Elite
CRR107720,Zhong_Pin_95-5383,0,Elite
CRR107721,Zhong_Zuo_916014,0,Elite
CRR107722,Zhong_Zuo_J8023,0,Elite
CRR107723,Zhong_Dou_No.27_-1,0,Elite
CRR107724,Ke_Xin_No.7,0,Elite
CRR107725,Zhong_Ye_No.2_-2,0,Elite
CRR107726,Zhong_Huang_No.4_-2,0,Elite
CRR107727,Zhong_Zuo_J-44,0,Elite
CRR107728,Zhong_Huang_No.36,0,Elite
CRR107729,Zhong_Zuo_96-954,0,Elite
CRR107730,Zhong_Huang,0,Elite
CRR107731,Zhong_Huang_No.53,0,Elite
CRR107732,Zhong_Zuo_No.8,0,Elite
CRR107733,Zhong_Pin_No.662,0,Elite
CRR107734,Zhong_Huang_No.18_-1,0,Elite
CRR107735,Zhong_Huang_No.16,0,Elite
CRR107736,Ke_Xin_No.3_-2011,0,Elite
CRR107737,Zhong_Zuo_No.02,0,Elite
CRR107738,Zhong_Pin_Da_Hei_Dou,0,Elite
CRR107739,Zhong_Dou_No.28,0,Elite
CRR107740,Zhong_Zuo_00-683,0,Elite
CRR107741,Zhong_Pin_035412,0,Elite
CRR107742,Zhong_Huang_No.79_-2,0,Elite
CRR107743,Zhong_Huang_No.15,0,Elite
CRR107744,Zhong_Huang_No.25,0,Elite
CRR107745,You_Chu_No.4,0,Elite
CRR107746,Zhong_Huang_No.22_-2,0,Elite
CRR107747,Zhong_Huang_No.13_-2,0,Elite
SRR1533359,Zhong_Huang_No_14,0,Elite
SRR1533382,Zhong_Huang_No_50,0,Elite
SRR1533392,Zhong_Huang_No_13,0,Elite
SRR1533410,Zhong_Huang_No_35,0,Elite
SRR1533445,Zhong_Huang_No_31,0,Elite
CRR108610,Feng_Dou_Zao_Hei_Dou,0,Elite
CRR107748,Quan_Dou_No.937,0,Elite
CRR107749,Fu_Dou_No.310,0,Elite
CRR107750,Fu_An_Qing_Dou,0,Elite
CRR107751,Quan_Bian_No.11,0,Elite
CRR107752,Long_Huang_No.1,0,Elite
CRR107753,Long_Huang_No.2,0,Elite
CRR107754,Long_Huang_No.3,0,Elite
CRR107755,Hua_Xia_No.3_-1,0,Elite
CRR107756,Hua_Chun_No.1,0,Elite
CRR107757,Hua_Chun_No.6,1,Elite
CRR107758,Hua_Chun_No.3,1,Elite
CRR107759,Hua_Xia_No.3_-2,0,Elite
CRR107760,Hua_Xia_No.9,0,Elite
CRR107761,Hua_Chun_No.5,1,Elite
CRR107762,Hua_Xia_No.5,0,Elite
CRR107763,Hua_Xia_No.1,0,Elite
CRR107764,Hei_Ke_Wu_Dou,0,Elite
CRR107765,Yue_Chun_03-4,0,Elite
CRR107766,Hua_Xia_No.2,0,Elite
CRR107767,Hua_Chun_No.2,0,Elite
CRR107768,Gui_Chun_No.8_-2,0,Elite
CRR107769,Gui_Zao_No.2,1,Elite
CRR107770,Gui_Chun_No.10,0,Elite
CRR107771,Gui_Chun_No.11,0,Elite
CRR107772,Gui_Chun_No.2_-1,0,Elite
CRR107773,Liu_Dou_No.3,1,Elite
CRR107774,Quan_Zhou_Shi_Tang_Wu_Yue,0,Elite
CRR107775,Gui_Chun_No.3,0,Elite
CRR107776,Gui_Chun_No.4,0,Elite
CRR107777,Gui_Xia_No.2,0,Elite
CRR107778,Xing_An_08-094,0,Elite
CRR107779,Gui_Xia_No.5,0,Elite
CRR107780,Gui_Xia_No.3,0,Elite
CRR107781,Gui_Xia_No.1,0,Elite
SRR1533361,Gui_Chun_No_8,0,Elite
CRR107782,Qian_Dou_No.2,0,Elite
CRR107783,An_Shun_Bai_Jiao_Dou,0,Elite
CRR107784,Qian_Dou_No.10,0,Elite
CRR107785,Ji_Dou_No.6,0,Elite
CRR107786,Shi_H013,0,Elite
CRR107787,Nong_Da_Dou_No.2,0,Elite
CRR107788,Cang_Dou_No.9,0,Elite
CRR107789,Shi_Dou_No.8__-1,0,Elite
CRR107790,Ji_Dou_No.4,0,Elite
CRR107791,Han_Dou_No.5_*,0,Elite
CRR107792,Cang_Dou_No.4,0,Elite
CRR107793,Cang_Dou_No.7,0,Elite
CRR107794,Bao_Dou_No.3,0,Elite
CRR107795,Ji_Dou_No.22,0,Elite
CRR107796,Zhong_Huang_No.69,0,Elite
CRR107797,Yi_Dou_No.2,0,Elite
CRR107798,Han_7005,0,Elite
CRR107799,Cang_Dou_No.6,0,Elite
CRR107800,Han_No.605,0,Elite
CRR107801,Han_803352,0,Elite
CRR107802,Ji_5421,0,Elite
CRR107803,Shi_Dou_No.4__-1,0,Elite
CRR107804,Ji_Dou_No.13,0,Elite
CRR107805,Han_Dan_Dou_No.5,0,Elite
CRR107806,Ji_Wu_Xing_No.1,0,Elite
CRR107807,Ji_Dou_No.9_-3_L-2,0,Elite
CRR107808,"Ji_Dou_12-2,3",0,Elite
CRR107809,Zhong_Hei_Dou_No.42,0,Elite
CRR107810,Zhong_Dou_No.43_-2,0,Elite
CRR107811,Shi_Dou_No.8__-2,0,Elite
CRR107812,Shi_Dou_No.7,0,Elite
CRR107813,Shi_Dou_No.4__-2,0,Elite
CRR107814,Ji_Dou_No.17_-2,0,Elite
CRR107815,Han_Dou_No.5_-2,0,Elite
CRR107816,E_Dou_No.10,0,Elite
CRR107817,Cheng_Dou_No.6,0,Elite
CRR107818,Cang_Dou_No.10_-2,0,Elite
CRR107819,NS_1260,0,Elite
CRR107820,Zheng_91107,0,Elite
CRR107821,Hua_Dou_No.20,0,Elite
CRR107822,Zhou_01772,0,Elite
CRR107823,Shang_951099,0,Elite
CRR107824,Yu_Dou_No.27,0,Elite
CRR107825,Ping_Dou_No.1,0,Elite
CRR107826,Shang_09401,0,Elite
CRR107827,Shang_Dou_No.15,0,Elite
CRR107828,Yu_Dou_No.16_-2,0,Elite
CRR107829,Zheng_Zhang_Jiao_No.14,0,Elite
CRR107830,Zheng_92116,0,Elite
CRR107831,Zheng_4066,0,Elite
CRR107832,Yu_Dou_No.5,0,Elite
CRR107833,Zheng_No.100,0,Elite
CRR107834,Zhou_0496,0,Elite
CRR107835,Yu_Dou_No.16_-1,0,Elite
CRR107836,Zheng_Dou_No.30,0,Elite
CRR107837,Yu_Dou_No.6,0,Elite
CRR107838,Zheng_Jiao_9525,0,Elite
CRR107839,Yu_Dou_No.3,0,Elite
CRR107840,Shang_Qiu_64-0,0,Elite
CRR107841,Shang_Qiu_1099,0,Elite
CRR107842,Zhou_022121,0,Elite
CRR107843,Pu_Hai_No.10_-1,0,Elite
CRR107844,Zheng_90007,0,Elite
CRR107845,Yu_Dou_No.4,0,Elite
CRR107846,Yu_Dou_No.26,0,Elite
CRR107847,Zheng_99048,0,Elite
CRR107848,Yu_Dou_No.13,0,Elite
CRR107849,Zhou_7327-118,0,Elite
CRR107850,Zheng_581320,0,Elite
CRR107851,Yu_Dou_No.1,0,Elite
CRR107853,Yu_Dou_No.19,0,Elite
CRR107854,Zheng_Jiao_No.107,0,Elite
CRR107855,Yu_Dou_No.29,0,Elite
CRR107856,Zhou_Dou_No.16,0,Elite
CRR107857,Shang_Qiu_85225,0,Elite
CRR107858,Qin_Jian_No.6,0,Elite
CRR107859,Zheng_8516,0,Elite
CRR107860,Zhou_Dou_04012,0,Elite
CRR107861,Shang_Qiu_4212,0,Elite
CRR107862,Zheng_94059,0,Elite
CRR107863,Zheng_86506,0,Elite
CRR107864,Zheng_No.133,0,Elite
CRR107865,Zheng_3074,0,Elite
CRR107866,Zhou_01771,1,Elite
CRR107867,Yu_Dou_No.23,0,Elite
CRR107868,Zhu_Dou_9715,0,Elite
CRR107869,Pu_Hai_No.10__-2,0,Elite
CRR107870,Yu_Dou_No.17,0,Elite
CRR107871,Zheng_77249,0,Elite
CRR107872,Yu_Dou_No.21,0,Elite
CRR107873,Yu_Dou_No.15,0,Elite
CRR107874,Zhou_Li_No.2,0,Elite
CRR107875,Zheng_No.196_-1,0,Elite
CRR107876,Zheng_92116-6,0,Elite
CRR107877,Yu_Dou_No.20,0,Elite
CRR107878,Zheng_02060-0-7-2,0,Elite
CRR107879,Yu_Dou_No.24,0,Elite
CRR107880,Zhou_002321,0,Elite
CRR107881,Zheng_Zhou_No.126,0,Elite
CRR107882,Zhu_Dou_No.19,0,Elite
CRR107883,Zhou_Dou_No.23,0,Elite
CRR107884,Zheng_No.196_-2,0,Elite
CRR107885,Shang_Dou_1310,0,Elite
CRR107886,Pu_Dou_857,0,Elite
SRR1533390,Zhong_Huang_No_38,0,Elite
SRR1533421,Cang_Dou-11,0,Elite
CRR107887,Sui_Nong_No.15,0,Elite
CRR107888,Sui_Nong_No.8,0,Elite
CRR107889,Kang_Xian_No.2,0,Elite
CRR107890,Dong_Nong_No.42,0,Elite
CRR107891,Sui_Nong_No.20,0,Elite
CRR107892,Xiao_Li_Dou_No.9,0,Elite
CRR107893,Nen_Feng_No.15,0,Elite
CRR107894,He_Feng_No.39,0,Elite
CRR107895,Hei_He_No.27,0,Elite
CRR107896,He_Feng_No.43,0,Elite
CRR107897,He_Feng_No.40,0,Elite
CRR107898,He_Feng_No.45,0,Elite
CRR107899,He_Feng_No.55,0,Elite
CRR107900,Dong_Nong_No.48,0,Elite
CRR107901,He_Feng_No.29,0,Elite
CRR107902,Hei_He_No.43__*,0,Elite
CRR107903,Dong_Nong_No.53,0,Elite
CRR107904,Ken_Feng_No.23,0,Elite
CRR107905,Hei_Nong_No.33,0,Elite
CRR107906,Ken_Feng_No.11,0,Elite
CRR107907,Feng_Shou_No.2,0,Elite
CRR107908,Bei_Dou_No.49,0,Elite
CRR107909,Feng_Shou_No.17,0,Elite
CRR107910,Dong_Nong_No.49,0,Elite
CRR107911,Hei_Nong_No.63,0,Elite
CRR107912,Feng_Shou_No.10,0,Elite
CRR107913,He_Feng_No.50,0,Elite
CRR107914,Hei_He_No.18,0,Elite
CRR107915,Sui_Nong_No.4,0,Elite
CRR107916,Ken_Feng_No.7,0,Elite
CRR107917,Ken_Feng_No.9,0,Elite
CRR107918,Ken_Feng_No.10,0,Elite
CRR107919,Nen_Feng_No.18,0,Elite
CRR107920,Hei_He_No.7,0,Elite
CRR107921,Sui_Nong_No.35,0,Elite
CRR107922,Hei_Nong_No.44,0,Elite
CRR107923,Hei_He_No.8,0,Elite
CRR107924,Feng_Shou_No.9,0,Elite
CRR107925,Bei_Feng_No.2,0,Elite
CRR107926,Ken_Feng_No.16_-2,0,Elite
CRR107927,Ken_Feng_No.5,0,Elite
CRR107928,Hei_Jian_No.1,0,Elite
CRR107929,Hei_Nong_No.35,0,Elite
CRR107930,He_Feng_No.38,0,Elite
CRR107931,Tie_Feng_No.18_*,0,Elite
CRR107932,Feng_Shou_No.12,0,Elite
CRR107933,Ke_Jiao_112023,0,Elite
CRR107934,Sui_Nong_No.21,0,Elite
CRR107935,Sui_Nong_No.28,0,Elite
CRR107936,He_Feng_No.34,0,Elite
CRR107937,Feng_Shou_No.6,0,Elite
CRR107938,Hei_He_No.19,0,Elite
CRR107939,Hei_Nong_No.43,0,Elite
CRR107940,Bei_Dou_No.12,0,Elite
CRR107941,Sui_Nong_No.14_-1,0,Elite
CRR107942,Bei_Dou_No.17,0,Elite
CRR107943,He_Dou_No.3,0,Elite
CRR107944,Hei_He_No.24,0,Elite
CRR107945,Sui_Nong_No.1_-1,0,Elite
CRR107946,Sui_Fu_095016,0,Elite
CRR107947,Dong_Nong_L202,0,Elite
CRR107948,He_Dou_No.2,0,Elite
CRR107949,Bei_Dou_No.34,0,Elite
CRR107950,Hei_Nong_No.37_-2,0,Elite
CRR107951,Bei_Feng_No.11,0,Elite
CRR107952,Hei_He_No.30,0,Elite
CRR107953,Sui_Nong_No.26,0,Elite
CRR107954,Ken_Feng_No.16_-1,0,Elite
CRR107955,Hei_He_No.47,0,Elite
CRR107956,Kang_Xian_No.4,0,Elite
CRR107957,Hei_Jiao_092400,0,Elite
CRR107958,Ken_Dou_No.32,0,Elite
CRR107959,Hei_Jiao_092145,0,Elite
CRR107960,Jiu_Feng_No.1,0,Elite
CRR107961,Hei_Nong_No.61,0,Elite
CRR107962,Hei_He_No.14,0,Elite
CRR107963,Feng_Shou_No.16,0,Elite
CRR107964,Hei_He_No.3,0,Elite
CRR107965,He_Feng_No.37,0,Elite
CRR107966,Bei_Dou_No.16,0,Elite
CRR107967,Hei_He_No.31,0,Elite
CRR107968,Bei_Dou_No.5,0,Elite
CRR107969,Ken_Feng_No.13,0,Elite
CRR107971,He_Hang_2010239,0,Elite
CRR107972,Ken_Dou_No.26,0,Elite
CRR107973,He_Feng_No.24,0,Elite
CRR107974,Bei_Dou_No.26,0,Elite
CRR107975,Bei_Dou_No.38,0,Elite
CRR107976,Ken_Dou_No.31,0,Elite
CRR107977,Feng_Shou_No.13,0,Elite
CRR107978,PI597440B,0,Elite
CRR107979,Hei_He_No.39,0,Elite
CRR107980,He_Feng_No.23,0,Elite
CRR107981,Hei_He_No.26,0,Elite
CRR107982,Ken_Dou_No.28,0,Elite
CRR107983,Hei_He_No.45,0,Elite
CRR107984,He_Feng_No.36,0,Elite
CRR107985,He_Jiao_11188,0,Elite
CRR107986,Bei_Dou_No.40,0,Elite
CRR107987,Sui_Nong_No.23,0,Elite
CRR107988,Bei_Dou_No.6,0,Elite
CRR107989,He_Jiao_11881,0,Elite
CRR107990,Sui_093690,0,Elite
CRR107991,Ke_Jiao_10268,0,Elite
CRR107992,Feng_Shou_No.15,0,Elite
CRR107993,Dong_Nong_No.54,0,Elite
CRR107994,Hei_Nong_No.54,0,Elite
CRR107995,He_Feng_No.44,0,Elite
CRR107996,Ke_Jiao_11304,0,Elite
CRR107997,Ha_89015,0,Elite
CRR107998,He_Feng_No.47,0,Elite
CRR107999,Jin_Yuan_No.55_-1,0,Elite
CRR108000,Hui_Nong_0810,0,Elite
CRR108001,Hei_He_No.12,0,Elite
CRR108002,Hei_He_No.15,0,Elite
CRR108003,Bei_Dou_No.30,0,Elite
CRR108004,Sui_02339,0,Elite
CRR108005,Ke_Jiao_091724,0,Elite
CRR108006,Bei_Feng_No.8,0,Elite
CRR108007,Hei_He_No.9,0,Elite
CRR108008,Feng_Shou_No.22,0,Elite
CRR108009,Sui_093577,0,Elite
CRR108010,Ken_Feng_No.20,0,Elite
CRR108011,Hei_He_No.28,0,Elite
CRR108012,Hei_He_No.38,0,Elite
CRR108013,Hei_He_No.10,0,Elite
CRR108014,Hei_Nong_No.46,0,Elite
CRR108015,He_N12-834,0,Elite
CRR108016,Hei_He_No.53,0,Elite
CRR108017,Hei_He_No.37,0,Elite
CRR108018,He_Jiao_2010230,0,Elite
CRR108019,Hei_He_No.52,0,Elite
CRR108020,Dong_Nong_No.4,0,Elite
CRR108021,Hei_He_No.49,0,Elite
CRR108022,Bei_Feng_No.9,0,Elite
CRR108023,Bei_Dou_No.42,0,Elite
CRR108024,Hei_Nong_No.65_-1,0,Elite
CRR108025,Dong_Nong_No.46,0,Elite
CRR108026,Bei_Feng_No.14,0,Elite
CRR108027,Dong_Nong_1125,0,Elite
CRR108028,Sui_Nong_No.18,0,Elite
CRR108029,Hei_Nong_No.45,0,Elite
CRR108030,Hei_He_No.5,0,Elite
CRR108031,Bei_Dou_No.54,0,Elite
CRR108032,Hei_Long_Jiang_No.41_-1,0,Elite
CRR108033,Ha_96016,0,Elite
CRR108034,Ke_Jiao_11-1124,0,Elite
CRR108035,Feng_Shou_No.5,0,Elite
CRR108036,Hei_He_No.51,0,Elite
CRR108037,Ke_Shan_No.1_*,0,Elite
CRR108038,Hei_He_No.41,0,Elite
CRR108039,Ken_Feng_No.17,0,Elite
CRR108040,Hei_Nong_No.53,0,Elite
CRR108041,Feng_Shou_No.19,0,Elite
CRR108042,Sui_02336,0,Elite
CRR108043,Sui_Nong_No.24,0,Elite
CRR108044,Hong_Feng_No.11,0,Elite
CRR108045,Hei_He_No.40,0,Elite
CRR108046,Sui_Nong_No.19,0,Elite
CRR108047,Sui_Nong_No.1_-2,0,Elite
CRR108048,Ken_Feng_No.12,0,Elite
CRR108049,Dong_Nong_No.56,0,Elite
CRR108050,Bei_Dou_No.33,0,Elite
CRR108051,Bei_Dou_No.35,0,Elite
CRR108052,Sui_Nong_No.12,0,Elite
CRR108053,Hei_Nong_No.56,0,Elite
CRR108054,Dong_Nong_No.55,0,Elite
CRR108055,Ke_Fu_11707,0,Elite
CRR108056,Ha_No.969,0,Elite
CRR108057,Ken_Dou_No.34,0,Elite
CRR108058,Ha_91016_-1,0,Elite
CRR108059,Jiu_Feng_No.6,0,Elite
CRR108060,Jiu_Nong_No.24,0,Elite
CRR108061,Bei_Dou_No.24,0,Elite
CRR108062,Bei_Dou_No.23,0,Elite
CRR108063,Hei_He_No.20,0,Elite
CRR108064,Hei_He_No.17,0,Elite
CRR108065,He_0201667,0,Elite
CRR108066,Hei_He_No.13,0,Elite
CRR108067,Bei_Dou_No.19,0,Elite
CRR108068,Hei_He_No.34,0,Elite
CRR108069,Dong_Nong_0112,0,Elite
CRR108070,He_Feng_No.42,0,Elite
CRR108071,PI597440C,0,Elite
CRR108072,Hei_He_No.32,0,Elite
CRR108073,Hei_Nong_No.38,0,Elite
CRR108074,Ken_Jian_No.28,0,Elite
CRR108075,Hei_He_No.16,0,Elite
CRR108076,Ke_Jiao_09333,0,Elite
CRR108077,Ke_12-1050,0,Elite
CRR108078,Bei_Dou_No.36,0,Elite
CRR108079,He_Jiao_2010651,0,Elite
CRR108080,Ken_Feng_No.22,0,Elite
CRR108081,Hei_He_No.29,0,Elite
CRR108082,Dong_Nong_No.163,0,Elite
CRR108083,Dong_Nong_No.61,0,Elite
CRR108084,Hei_Nong_No.66,0,Elite
CRR108085,Hei_Nong_No.52,0,Elite
CRR108086,Feng_Shou_No.20,0,Elite
CRR108087,Hei_He_No.23,0,Elite
CRR108088,Ken_Dou_No.36,0,Elite
CRR108089,Bei_Dou_No.46,0,Elite
CRR108090,Hei_He_No.50,0,Elite
CRR108091,Hei_Nong_No.62,0,Elite
CRR108092,Dong_Nong_9602,0,Elite
CRR108093,Bei_Dou_No.53,0,Elite
CRR108094,Sui_Nong_No.11,0,Elite
CRR108095,Sui_Nong_No.5,0,Elite
CRR108096,He_Hang_2010376,0,Elite
CRR108097,Bei_Dou_No.52,0,Elite
CRR108098,He_Feng_No.41,0,Elite
CRR108099,Bei_Dou_No.41,0,Elite
CRR108100,Ha_No.963,0,Elite
CRR108101,Jiu_Nong_No.26,0,Elite
CRR108102,Feng_Shou_No.7,0,Elite
CRR108103,Hei_He_No.35,0,Elite
CRR108104,Hei_He_No.33,0,Elite
CRR108105,Feng_Shou_No.26,0,Elite
CRR108106,Sui_096081,0,Elite
CRR108107,Jiu_Feng_No.3,0,Elite
CRR108108,Nen_Feng_No.12,0,Elite
CRR108109,Sui_Nong_No.3,0,Elite
CRR108110,Feng_Shou_No.27,0,Elite
CRR108111,He_0023,0,Elite
CRR108112,Hei_He_No.48,0,Elite
CRR108113,Hei_Nong_No.67,0,Elite
CRR108114,Nen_Feng_No.17,0,Elite
CRR108115,Jiu_Feng_No.8,0,Elite
CRR108116,Dong_Nong_No.57,0,Elite
CRR108117,Jiu_Feng_No.10,0,Elite
CRR108118,Hei_He_No.44,0,Elite
CRR108119,Hei_Jiao_091553,0,Elite
CRR108120,Dong_Nong_No.1,0,Elite
CRR108121,Feng_Shou_No.1,0,Elite
CRR108122,Dong_Nong_No.60,0,Elite
CRR108123,Dong_Nong_No.434,0,Elite
CRR108124,Jiu_Feng_No.7,0,Elite
CRR108125,Dong_Da_No.1,0,Elite
CRR108126,Feng_Shou_No.23,0,Elite
CRR108127,Ha_9854041,0,Elite
CRR108128,Hei_He_No.42,0,Elite
CRR108129,Hei_He_No.21,0,Elite
CRR108130,Sui_Fu_105070,0,Elite
CRR108131,Sui_Nong_No.17,0,Elite
CRR108132,Hei_He_No.11,0,Elite
CRR108133,Ke_4430-20,0,Elite
CRR108134,Bei_Dou_No.10,0,Elite
CRR108135,Hei_Nong_No.37_-1,0,Elite
CRR108136,Feng_Shou_No.14,0,Elite
CRR108137,Hei_Jiao_011778,0,Elite
CRR108138,Sui_107283,0,Elite
CRR108139,Hei_He_No.25,0,Elite
CRR108140,Feng_Shou_No.24_-1,0,Elite
CRR108141,Hei_He_No.54,0,Elite
CRR108142,Feng_Shou_No.25,0,Elite
CRR108143,Sui_Nong_No.34,0,Elite
CRR108144,PI548340,0,Elite
CRR108145,Sui_Nong_085262,0,Elite
CRR108146,Hong_Feng_No.8,0,Elite
CRR108147,Hei_He_No.6,0,Elite
CRR108148,Long_Pin_03-311,0,Elite
CRR108149,Hei_Long_Jiang_No.41_-2,0,Elite
CRR108150,Hei_Nong_No.11,0,Elite
CRR108151,Hei_Nong_No.50_-1,0,Elite
CRR108152,Ke_Jiao_101518,0,Elite
CRR108153,Hei_He_No.22,0,Elite
CRR108154,Hong_Feng_No.3,0,Elite
CRR108155,Bei_Dou_No.8,0,Elite
CRR108156,Hong_Feng_No.2,0,Elite
CRR108157,Jiu_Nong_No.9,0,Elite
CRR108158,Feng_Shou_No.24_-2,0,Elite
CRR108159,Feng_Shou_No.21,0,Elite
CRR108160,Sui_Nong_No.29,0,Elite
CRR108161,Bian_Jing,0,Elite
CRR108162,Sui_Nong_No.6,0,Elite
CRR108163,Bei_Feng_No.3,0,Elite
CRR108164,Ken_Nong_No.30,0,Elite
CRR108165,Mu_Feng_No.1_-2,0,Elite
CRR108166,Kang_Xian_No.9,0,Elite
CRR108167,Dong_Nong_01-1234,0,Elite
CRR108168,Hei_Nong_No.39,0,Elite
CRR108169,Feng_Shou_No.11,0,Elite
CRR108170,He_Feng_No.33,0,Elite
CRR108171,Ken_Feng_No.18,0,Elite
CRR108172,Nen_Feng_No.4,0,Elite
CRR108173,Dong_Da_No.2,0,Elite
CRR108174,Hei_Nong_No.34,0,Elite
CRR108175,Hei_Nong_No.30,0,Elite
CRR108176,Sui_Nong_No.31,0,Elite
CRR108177,Mu_Feng_No.1_-3,0,Elite
CRR108178,Wea,0,Elite
CRR108179,Dong_Nong_No.37,0,Elite
CRR108180,Nen_Feng_No.1,0,Elite
CRR108181,Bei_Dou_No.2,0,Elite
CRR108182,Mu_Feng_No.7,0,Elite
CRR108183,Hei_Nong_No.47,0,Elite
CRR108184,Hei_Nong_No.16,0,Elite
CRR108185,Hei_Nong_No.31,0,Elite
CRR108186,Hei_Nong_No.23,0,Elite
CRR108187,Jiu_Feng_No.4,0,Elite
CRR108188,Dong_Nong_No.33,0,Elite
CRR108189,Hei_Nong_No.28,0,Elite
CRR108190,Hei_Nong_No.26,0,Elite
CRR108191,Bei_Dou_No.37,0,Elite
CRR108192,Hei_Nong_No.32,0,Elite
CRR108193,Ha_91016_-2,0,Elite
CRR108194,Hei_Nong_No.3,0,Elite
CRR108195,Ken_Nong_No.28,0,Elite
CRR108196,Hei_Nong_No.6,0,Elite
CRR108197,Sui_Nong_No.44,0,Elite
CRR108198,Sui_Nong_No.42,0,Elite
CRR108199,Sui_Nong_No.36,0,Elite
CRR108200,Nen_Ao_No.5,0,Elite
CRR108201,Ken_Nong_No.31,0,Elite
CRR108202,Ken_Feng_No.16,0,Elite
CRR108203,Ken_Dou_No.65,0,Elite
CRR108204,Ken_Dou_No.43,0,Elite
CRR108205,Ken_Dou_No.40,0,Elite
CRR108206,Ken_Dou_No.39,0,Elite
CRR108207,Ke_Shan_No.1_-2,0,Elite
CRR108208,Jin_Yuan_No.55_-2,0,Elite
CRR108209,Hei_Nong_No.83,0,Elite
CRR108210,Hei_Nong_No.75,0,Elite
CRR108211,Hei_Nong_No.71,0,Elite
CRR108212,Hei_Nong_No.70,0,Elite
CRR108213,Hei_Nong_No.65_-2,0,Elite
CRR108214,Hei_Nong_No.55,0,Elite
CRR108215,Hei_He_No.43_-2,0,Elite
CRR108216,He_Nong_No.97,0,Elite
CRR108217,He_Nong_No.95,0,Elite
CRR108218,He_Nong_No.75,0,Elite
CRR108219,He_Nong_No.71,0,Elite
CRR108220,He_Nong_No.70,0,Elite
CRR108221,Dong_Sheng_No.7_-2,0,Elite
CRR108222,Dong_Sheng_No.6,0,Elite
CRR108223,Dong_Sheng_No.53,0,Elite
CRR108224,Dong_Sheng_No.52,0,Elite
CRR108225,Dong_Sheng_No.50,0,Elite
CRR108226,Dong_Sheng_No.48,0,Elite
CRR108227,Dong_Sheng_No.47,0,Elite
CRR108228,Dong_Sheng_No.45,0,Elite
CRR108229,Dong_Sheng_No.44,0,Elite
CRR108230,Dong_Sheng_No.42,0,Elite
CRR108231,Dong_Sheng_No.41,0,Elite
CRR108232,Dong_Sheng_No.40,0,Elite
CRR108233,Dong_Sheng_No.39,0,Elite
CRR108234,Dong_Sheng_No.38,0,Elite
CRR108235,Dong_Sheng_No.37,0,Elite
CRR108236,Dong_Sheng_No.36,0,Elite
CRR108237,Dong_Sheng_No.35,0,Elite
CRR108238,Dong_Sheng_No.34,0,Elite
CRR108239,Dong_Sheng_No.33,0,Elite
CRR108240,Dong_Sheng_No.29,0,Elite
CRR108241,Dong_Sheng_No.27,0,Elite
CRR108242,Dong_Sheng_No.2,0,Elite
CRR108243,Dong_Sheng_No.17,0,Elite
CRR108244,Dong_Sheng_No.16,0,Elite
CRR108245,Dong_Sheng_No.1_-3,0,Elite
SRR1533354,Su_Nong_No_25,0,Elite
SRR1533363,Dong_Nong_No_26,0,Elite
SRR1533377,He_Feng_No_25,0,Elite
SRR1533397,Hei_Nong_No_51,0,Elite
SRR1533424,Dong_Nong_No_52,0,Elite
SRR1533428,Su_Nong_No_10,0,Elite
SRR1533431,Su_Nong_No_33,0,Elite
SRR1533443,Su_Nong_No_14,0,Elite
SRR1533447,Dong_Nong_No_51,0,Elite
CRR108246,Gong_An_You_Zai_Dou,0,Elite
CRR108247,Hu_Bei_Ai_Jiao_Dou,0,Elite
CRR108248,Tong_Shan_Huang_Dou,0,Elite
CRR108249,Tian_Long_No.1,0,Elite
CRR108250,En_Dou_No.31,0,Elite
CRR108251,Xiang_Chun_Dou_No.18,0,Elite
CRR108252,Xiang_Chun_Dou_No.23,0,Elite
CRR108253,Ji_Lin_No.20,0,Elite
CRR108254,Ji_Yu_No.84,0,Elite
CRR108255,Ji_Lin_No.3,0,Elite
CRR108256,Zhang_Nong_No.17,0,Elite
CRR108257,Zhang_Nong_No.15,0,Elite
CRR108258,Zi_Hua_Dou,0,Elite
CRR108259,Ji_Yu_No.69,0,Elite
CRR108260,Ji_Yu_No.50,0,Elite
CRR108261,Ji_Mi_Dou_No.1,0,Elite
CRR108262,Ji_Ke_Dou_No.2,0,Elite
CRR108263,Ji_Lin_No.41,0,Elite
CRR108264,Ji_Nong_No.21,0,Elite
CRR108265,Ji_Yu_No.57,0,Elite
CRR108266,Jiu_Nong_No.20,0,Elite
CRR108267,Ji_Yu_No.55,0,Elite
CRR108268,Ji_Yu_No.89,0,Elite
CRR108269,Jiu_Nong_No.29,0,Elite
CRR108270,Ji_Lin_No.36,0,Elite
CRR108271,Jiu_Nong_No.25,0,Elite
CRR108272,Gong_Jiao_2003327,0,Elite
CRR108273,Ji_Lin_No.43_-2,0,Elite
CRR108274,Ji_No.94,0,Elite
CRR108275,Ji_Yu_No.68,0,Elite
CRR108276,Ji_Lin_Xiao_Li_Dou,0,Elite
CRR108277,Jiu_Nong_No.31,0,Elite
CRR108278,Ji_Lin_No.38,0,Elite
CRR108279,Ji_Yu_No.52,0,Elite
CRR108280,Ji_Yu_No.71,0,Elite
CRR108281,Ji_Ke_Dou_No.5,0,Elite
CRR108282,Ji_Nong_No.22,0,Elite
CRR108283,Ji_Dou_No.7__-1,0,Elite
CRR108284,Ji_Yu_No.77,0,Elite
CRR108285,Ji_Lin_No.27,0,Elite
CRR108286,Ji_Lin_No.30,0,Elite
CRR108287,Jiu_Nong_No.22,1,Elite
CRR108288,Ji_Yu_No.62,0,Elite
CRR108289,Ji_Yu_No.31,0,Elite
CRR108290,Ji_Lin_Xiao_Li_No.4,0,Elite
CRR108291,Ji_Yu_No.64_-1,0,Elite
CRR108292,Ji_Dou_No.15_-1,0,Elite
CRR108293,Gong_Jiao_2003305,0,Elite
CRR108294,Ji_Yu_No.67,0,Elite
CRR108295,Ji_Yu_No.66,0,Elite
CRR108296,Ji_Lin_No.47,0,Elite
CRR108297,Ji_Lin_Xiao_Li_No.1,1,Elite
CRR108298,Ji_Lin_No.1,0,Elite
CRR108299,Ji_Yu_No.73,0,Elite
CRR108300,Ji_Yu_No.70,0,Elite
CRR108301,Ji_Lin_No.39_-1,0,Elite
CRR108302,Ji_Yu_No.64_-2,0,Elite
CRR108303,Ji_Lin_No.44,0,Elite
CRR108304,Ji_Lin_No.26,0,Elite
CRR108305,Gong_Ye_03-5570,0,Elite
CRR108306,Gong_Ye_03-7239,0,Elite
CRR108307,Ji_Yu_No.88,0,Elite
CRR108308,Ji_Lin_No.5,0,Elite
CRR108309,Ji_Lin_No.39_-2,0,Elite
CRR108310,Zao_Feng_No.1,0,Elite
CRR108311,Gong_Ye_04-L15,1,Elite
CRR108312,Ji_Lin_No.24,0,Elite
CRR108313,Gong_Ye_5056,0,Elite
CRR108314,Gong_Ye_04_L-141,1,Elite
CRR108315,Za_Jiao_Dou_No.1,0,Elite
CRR108316,Ji_Lin_No.16,0,Elite
CRR108317,Ji_Yu_No.47,0,Elite
CRR108318,Ji_Lin_No.34,0,Elite
CRR108319,Ji_Lin_Cha_Li_Hua,0,Elite
CRR108320,Ji_Lin_No.43_-1,0,Elite
CRR108321,Ji_Yu_No.72,0,Elite
CRR108322,Ji_Nong_No.48,0,Elite
CRR108323,Ji_Nong_No.45,0,Elite
CRR108324,Ji_Nong_No.44,0,Elite
CRR108325,Ji_Nong_No.43,0,Elite
CRR108326,Ji_Nong_No.41,0,Elite
CRR108327,Chang_Nong_No.39,0,Elite
CRR108328,Chang_Nong_No.26,0,Elite
CRR108329,Chang_Nong_No.16,0,Elite
CRR108330,Huai_Dou_No.3,0,Elite
CRR108331,Nan_Nong_No.701,0,Elite
CRR108332,Nan_Nong_No.28,0,Elite
CRR108333,Su_6-77,0,Elite
CRR108334,Jiang_Yin_Huang_Dou,0,Elite
CRR108335,Xu_Dou_No.20,0,Elite
CRR108336,Xu_Dou_No.15_-2,0,Elite
CRR108337,Sui_Ke_No.8,0,Elite
CRR108338,Nan_Nong_No.32,0,Elite
CRR108339,Nan_Nong_99-10,0,Elite
CRR108340,Su_Xie_No.1,0,Elite
CRR108341,Xu_Dou_9313,0,Elite
CRR108342,Xu_94166_B,0,Elite
CRR108343,Sui_Ke_No.9,0,Elite
CRR108344,Sui_Ke_No.15,0,Elite
CRR108345,Xu_Dou_No.1_*,0,Elite
CRR108346,Nan_Nong_No.31,0,Elite
CRR108347,Su_No.73,0,Elite
CRR108348,Nan_Nong_1606,0,Elite
CRR108349,Xu_Dou_No.18_-2,0,Elite
CRR108350,Dong_Xin_No.2,0,Elite
CRR108351,Huai_Dou_No.12,0,Elite
CRR108352,Si_Yang_No.288,0,Elite
CRR108353,Nan_Nong_86-4,0,Elite
CRR108354,Nan_Nong_No.34,0,Elite
CRR108355,Nan_Nong_8929,0,Elite
CRR108356,Nan_Nong_No.12,1,Elite
CRR108357,Xu_Dou_No.3,0,Elite
CRR108358,Jin_Tan_Ni_Dou_No.3,0,Elite
CRR108359,Xu_Dou_No.18_-1,0,Elite
CRR108360,Ru_Dong_Wan_Lv_Huang,0,Elite
CRR108361,Nan_Nong_No.48,0,Elite
CRR108362,Xu_0901,0,Elite
CRR108363,Tai_Xing_Hei_Dou_-1,0,Elite
CRR108364,Nan_Nong_No.415_-1,0,Elite
CRR108365,Zhen_Jiang_Huang_Dou,0,Elite
CRR108366,Nan_Nong_No.33,0,Elite
CRR108367,77-391-1,0,Elite
CRR108368,Huai_Ke_No.12,0,Elite
CRR108369,Yi_Xing_Qing_Huang_Dou,0,Elite
CRR108370,Xu_Dou_No.21,0,Elite
CRR108371,Tong_Dou_No.3,0,Elite
CRR108372,Tong_1602,0,Elite
CRR108373,Nan_Nong_No.415_-2,0,Elite
CRR108374,Nan_Nong_No.41,0,Elite
CRR108375,Nan_Dou_No.12,0,Elite
CRR108376,Huai_Dou_No.10,0,Elite
CRR108377,Gan_Dou_No.7,0,Elite
CRR108378,Gan_Dou_No.8,0,Elite
CRR108379,Gan_Dou_No.4,1,Elite
SRR1533383,Nan_Nong_Cai_Dou_No_1,0,Elite
SRR1533349,Jiu_Nong_No_30,0,Elite
SRR1533370,Chang_Nong_No_13,0,Elite
SRR1533391,Beijing-IGDB-1,0,Elite
SRR1533393,Chang_Nong_No_16,0,Elite
SRR1533400,Ji_Yu_No_90,0,Elite
SRR1533412,Chang_Nong_No_15,0,Elite
CRR108380,Liao_Dou_No.14,0,Elite
CRR108381,Kai_Dou_No.16,0,Elite
CRR108382,Liao_Dou_No.23,0,Elite
CRR108383,Liao_Dou_No.13_-2,0,Elite
CRR108384,Shen_8512,0,Elite
CRR108385,Tie_Feng_No.39,0,Elite
CRR108386,Shen_8510,0,Elite
CRR108387,Tie_Feng_No.29,0,Elite
CRR108388,Tie_Feng_No.32,0,Elite
CRR108389,PI548430,0,Elite
CRR108390,Liao_Dou_No.20,0,Elite
CRR108391,Liao_Dou_No.19,0,Elite
CRR108392,Liao_Dou_No.13_-1,0,Elite
CRR108393,Liao_Xian_No.1__-1,0,Elite
CRR108394,Kai_Dou_No.4,0,Elite
CRR108395,Liao_02_Q117,0,Elite
CRR108397,Shen_946136_-2,0,Elite
CRR108398,Tie_Dou_No.49,0,Elite
CRR108399,Liao_Dou_No.18,0,Elite
CRR108400,Liao_02140,0,Elite
CRR108401,Liao_08_Pin_No.28,0,Elite
CRR108402,Shen_946136_-1,0,Elite
CRR108403,Tie_Feng_No.8,0,Elite
CRR108404,Liao_Xian_No.1__-2,0,Elite
CRR108405,Liao_Dou_No.30,0,Elite
CRR108406,Tie_Dou_No.99,0,Elite
CRR108407,Tie_Dou_No.98,0,Elite
CRR108408,Tie_Dou_No.93,0,Elite
CRR108409,Tie_Dou_No.92,0,Elite
CRR108410,Tie_Dou_No.89,0,Elite
CRR108411,Tie_Dou_No.86,0,Elite
CRR108412,Tie_Dou_No.85,0,Elite
CRR108413,Tie_Dou_No.84,0,Elite
CRR108414,Tie_Dou_No.82,0,Elite
CRR108415,Tie_Dou_No.81,0,Elite
CRR108416,Tie_Dou_No.80,0,Elite
CRR108417,Tie_Dou_No.67,0,Elite
CRR108418,Tie_Dou_No.43,0,Elite
CRR108419,Tie_Dou_No.27,0,Elite
CRR108420,Shen_Nong_No.8,0,Elite
CRR108421,Liao_Xian_Dou_No.2,0,Elite
CRR108422,Liao_Dou_No.56,0,Elite
CRR108423,Liao_Dou_No.52,0,Elite
CRR108424,Liao_Dou_No.50,0,Elite
CRR108425,Liao_Dou_No.49,0,Elite
CRR108426,Liao_Dou_No.48,0,Elite
CRR108427,Liao_Dou_No.47,0,Elite
CRR108428,Liao_Dou_No.46,0,Elite
CRR108429,Liao_Dou_No.45,0,Elite
CRR108430,Liao_Dou_No.44,0,Elite
CRR108431,Liao_Dou_No.43,0,Elite
CRR108432,Liao_Dou_No.42,0,Elite
CRR108433,Liao_Dou_No.34,0,Elite
CRR108434,Liao_Dou_No.32,0,Elite
CRR108435,Liao_Dou_No.15_-2,0,Elite
CRR108436,Kai_Yu_No.12,0,Elite
CRR108437,Fu_Dou_No.28,0,Elite
CRR108438,Fu_Dou_No.27,0,Elite
CRR108439,Dan_Dou_No.22,0,Elite
CRR108440,Dan_Dou_No.18,0,Elite
SRR1533160,Liao_Dou_No_21,1,Elite
SRR1533350,Liao_Dou_No_15,0,Elite
SRR1533372,Liao_Dou_No_17,0,Elite
SRR1533422,Liao_Dou_No_11,0,Elite
SRR1533439,Liao_Dou_No_3,0,Elite
SRR1533453,Tie_Feng_No_22,0,Elite
CRR108441,Meng_Dou_No.12,0,Elite
CRR108442,Deng_Ke_No.5,0,Elite
CRR108443,E_Dou_No.5,0,Elite
CRR108444,Meng_Dou_No.38,0,Elite
CRR108445,Deng_Ke_No.3_-2,0,Elite
CRR108446,Meng_Dou_No.37_-1,0,Elite
CRR108447,Meng_Dou_No.14,0,Elite
CRR108448,Meng_Dou_No.37_-2,0,Elite
CRR108449,Meng_9793-1,0,Elite
CRR108450,Deng_Ke_No.8,0,Elite
CRR108451,Meng_Dou_No.36_-1,0,Elite
CRR108452,Deng_Ke_No.1,0,Elite
CRR108453,Deng_Ke_No.5_-3,0,Elite
CRR108455,Meng_Dou_No.19,0,Elite
CRR108456,Sheng_Dou_No.15,0,Elite
CRR108457,Meng_Ke_Dou_No.4,0,Elite
CRR108458,Meng_Ke_Dou_No.2,0,Elite
CRR108459,Meng_Dou_No.45,0,Elite
CRR108460,Meng_Dou_No.44,0,Elite
CRR108461,Meng_Dou_No.43,0,Elite
CRR108462,Meng_Dou_No.42,0,Elite
CRR108463,Meng_Dou_No.39,0,Elite
CRR108464,Meng_Dou_No.36_-2,0,Elite
CRR108465,Meng_Dou_No.359,0,Elite
CRR108466,Meng_Dou_No.30,0,Elite
CRR108467,Meng_Dou_No.13,0,Elite
CRR108468,Meng_1101,0,Elite
CRR108469,Deng_Ke_No.14,0,Elite
CRR108470,Chi_Dou_No.4,0,Elite
CRR108471,Chi_Dou_No.3,0,Elite
CRR108472,Ning_Dou_No.4,0,Elite
CRR108473,Ning_Dou_No.3,0,Elite
CRR108474,Qin_Dou_No.8,0,Elite
CRR108475,Qu_Jiang_Huang_Keng_Dong_Dou,0,Elite
CRR108476,Qin_Dou_No.10,0,Elite
CRR108477,Lu_Dou_No.12,0,Elite
CRR108478,He_Dou_No.21,0,Elite
CRR108479,Shan_Ning_No.15,0,Elite
CRR108480,Ji_087131,0,Elite
CRR108481,Lu_Guan_Dou_No.1,0,Elite
CRR108482,Lin_Dou_No.9,0,Elite
CRR108483,He_0547,0,Elite
CRR108484,Gao_Zuo_Xuan_No.1,0,Elite
CRR108485,He_Dou_No.15,0,Elite
CRR108486,Lu_96150,0,Elite
CRR108487,Lu_Dou_No.10,0,Elite
CRR108488,Lu_Dou_No.1,0,Elite
CRR108489,Yan_Huang_No.3,0,Elite
CRR108490,Wei_Dou_No.274,0,Elite
CRR108491,He_Dou_No.14,0,Elite
CRR108492,Shan_Ning_No.14,0,Elite
CRR108493,Qi_Huang_No.36,0,Elite
CRR108494,Qi_Huang_No.34_*,0,Elite
CRR108495,Qi_Huang_No.35,0,Elite
CRR108496,Ji_4103,0,Elite
CRR108497,Wei_Dou_No.9,0,Elite
CRR108498,Qi_Huang_No.29,0,Elite
CRR108499,Qi_Huang_No.13,0,Elite
CRR108500,De_Dou_9916,0,Elite
CRR108501,Lu_Dou_No.4_-2,0,Elite
CRR108502,Qi_Huang_No.28_-1,0,Elite
CRR108503,Qi_Huang_No.1,0,Elite
CRR108504,Lu_Ning_Yi_Hao,0,Elite
CRR108505,Shan_Ning_No.18,0,Elite
CRR108506,Shan_Ning_No.17,0,Elite
CRR108507,Qi_Nong_No.5,0,Elite
CRR108508,Qi_Huang_No.34_-2,0,Elite
CRR108509,He_Dou_No.20,0,Elite
CRR108510,He_Dou_No.12_-2,0,Elite
CRR108511,Fen_Dou_No.61,0,Elite
CRR108512,Fen_Dou_No.53,0,Elite
CRR108513,SN_Jian_Zi_-3,0,Elite
CRR108514,XY501-2,0,Elite
CRR108515,Shan_Xi_Huang_Dou_No.2,0,Elite
CRR108516,SN_Yuan_Bai,0,Elite
CRR108517,XY501-1,0,Elite
CRR108518,SN_Yuan_Zi,0,Elite
CRR108519,SN_Jian_Zi_-5,0,Elite
CRR108520,SN_Jian_Zi_-1,0,Elite
CRR108521,Jin_Dou_No.24,0,Elite
CRR108522,JX-1,0,Elite
CRR108523,SN_Jian_Bai,0,Elite
CRR108524,SN_Nian_Zi_-4,0,Elite
CRR108525,SN_Jian_Zi_-2,0,Elite
CRR108526,L-6,0,Elite
CRR108527,XY501-5,0,Elite
CRR108528,Fen_Dou_No.97,0,Elite
CRR108529,Jin_Dou_No.32,0,Elite
CRR108530,XY501-3,0,Elite
CRR108531,Jin_Dou_No.3,0,Elite
CRR108532,Jin_Dou_No.40,0,Elite
CRR108533,JX-2,0,Elite
CRR108534,Jin_Da_No.53,0,Elite
CRR108535,Jin_Dou_No.12,0,Elite
CRR108536,Jin_Dou_No.33,0,Elite
CRR108537,Fen_Dou_No.45,0,Elite
CRR108538,Jin_Dou_No.42,0,Elite
CRR108539,Jin_Dou_No.482,0,Elite
CRR108540,Fen_Dou_No.77,0,Elite
CRR108541,Jin_Yi_No.42,0,Elite
CRR108542,Jin_Dou_No.8,0,Elite
CRR108543,Fen_Dou_No.50,0,Elite
CRR108544,XY501-4,0,Elite
CRR108545,XY501-6,0,Elite
CRR108546,Jin_Dou_No.7,0,Elite
CRR108547,Fen_Dou_No.72,0,Elite
CRR108548,Jin_Da_No.36,0,Elite
CRR108549,Jin_Dou_No.22,0,Elite
CRR108550,SN_501,0,Elite
CRR108551,Jin_Zao_1251,0,Elite
CRR108552,Jin_Dou_No.38,0,Elite
CRR108553,Jin_Dou_No.15_-1,0,Elite
CRR108554,Jin_Dou_No.4,0,Elite
CRR108555,Jin_Dou_No.18,0,Elite
CRR108556,Jin_Yi_No.19,0,Elite
CRR108557,Fen_Dou_5826,0,Elite
CRR108558,Jin_Yi_No.30,0,Elite
CRR108559,Jin_Da_No.80,0,Elite
CRR108560,Jin_Zao_1252,0,Elite
CRR108561,Jin_Yi_No.20,0,Elite
CRR108562,Fen_Dou_No.71,0,Elite
CRR108563,Jin_Da_No.57,0,Elite
CRR108564,Fen_Dou_No.11,0,Elite
CRR108565,Jin_Yi_No.9,0,Elite
CRR108566,Zhang_Nong_No.5,0,Elite
CRR108567,Jin_Dou_No.31,0,Elite
CRR108568,Fen_Dou_No.31_-2,0,Elite
CRR108569,Zhang_Nong_No.14,0,Elite
CRR108570,Jin_Dou_7203-3,0,Elite
CRR108571,Fen_Dou_No.31_-1,0,Elite
CRR108572,Zhang_Nong_No.4,0,Elite
CRR108573,Zhang_Nong_No.21,0,Elite
CRR108574,Jin_Dou_No.15_-2,0,Elite
CRR108575,Jin_Dou_No.13_-1,0,Elite
CRR108576,Jin_Dou_No.11,0,Elite
CRR108577,Jin_Dou_No.9,0,Elite
CRR108578,Jin_Dou_No.23_Big_Seed,0,Elite
CRR108579,Jin_Dou_No.13_-2,0,Elite
CRR108580,Zhang_Nong_No.23,0,Elite
CRR108581,Jin_Ai_No.5,0,Elite
CRR108582,Tai_Yuan_No.47,0,Elite
CRR108583,Jin_Dou_No.5,0,Elite
CRR108584,Jin_Dou_23_Mt,0,Elite
CRR108585,Jin_Dou_No.6,0,Elite
CRR108586,Jin_Dou_No.514,0,Elite
CRR108587,Zhang_Nong_No.20,0,Elite
CRR108588,Zhang_Nong_No.19,0,Elite
CRR108589,Jin_Dou_No.47,0,Elite
CRR108590,Jin_Dou_No.39_-2,0,Elite
CRR108591,Jin_Dou_No.19_-2,0,Elite
CRR108592,Fen_Dou_No.93,0,Elite
SRR1533358,He_Dou_No_13,0,Elite
SRR1533367,Shen_Li_No_3,0,Elite
SRR1533398,Lu_Dou_No_11,0,Elite
SRR1533406,Sheng_Dou_No_9,0,Elite
SRR1533407,Zhong_Huang_No_40,0,Elite
SRR1533430,Wei_No_6823,0,Elite
CRR108593,Jia_Ding_Shang_Hai_Dou,0,Elite
SRR1533223,Jin_Da_No_52,0,Elite
SRR1533346,Jin_Da_No_70,0,Elite
SRR1533352,Jin_Da_No_62,0,Elite
SRR1533364,Jin_Da_No_75,0,Elite
SRR1533368,Jin_Da_No_26,0,Elite
SRR1533380,Jin_Da_No_73,0,Elite
SRR1533401,Fen_Dou_No_65,0,Elite
SRR1533403,Fen_Dou_No_78,0,Elite
SRR1533416,Fen_Dou_No_85,0,Elite
SRR1533425,Fen_Dou_No_86,0,Elite
SRR1533433,Fen_Dou_No_79,0,Elite
SRR1533437,Fen_Dou_No_88,0,Elite
SRR1533450,Fen_Dou_No_89,0,Elite
SRR1533452,Fen_Dou_No_63,0,Elite
CRR108594,Chuan_Dou_No.6,0,Elite
CRR108595,Gong_Dou_No.12,0,Elite
CRR108596,Nan_Xia_Dou_No.25_-1,1,Elite
CRR108597,Dian_Jiang_Zao_Huang_Dou,0,Elite
CRR108598,Jing_Huang_No.352,0,Elite
CRR108599,Nan_Xia_Dou_No.25_-2,1,Elite
SRR1533449,Shu_Xian_No_205,0,Elite
CRR108600,Xin_Ba_Da_No.2,0,Elite
CRR108601,Dian_86-5,0,Elite
CRR108602,Dian_86-4,0,Elite
CRR108603,Yi_Wu_Liu_Wang,1,Elite
CRR108604,Lan_Xi_Da_Qing_Dou,0,Elite
CRR108605,Sheng_Xian_Qing_Ming_Dou,0,Elite
CRR108606,Xian_Ju_Xiao_Hei_Dou,0,Elite
CRR108607,Yu_Hang_Liu_Wang,1,Elite
CRR108608,Yong_Kang_Tie_Jiang_Dou,0,Elite
CRR108609,Zhe_Chun_No.3,0,Elite
CRR108611,PI548384,0,Elite
CRR108612,PI548337,0,Elite
CRR108613,PI548416,0,Elite
CRR108614,PI548407,0,Elite
CRR108615,PI548325,0,Elite
SRR1533399,Tai_Wan_No_1,0,Elite
SRR1533420,Xi_Zang_Da_Dou_No_20,0,Elite
CRR108618,Ai_Ka_No.166,0,Elite
CRR108715,Kunitz,0,Elite
CRR108749,PI548619,0,Elite
CRR108756,Hodgson,0,Elite
CRR108760,Lee,0,Elite
CRR108769,PI552538,0,Elite
CRR108782,Essex,0,Elite
SRR1533409,PI546044,0,Elite
SRR1533418,Hei_He_No_1,0,Elite
SRR1533435,He_Feng_No_23,0,Elite
USB-024,PI548325,0,Elite
HN105,PI438471,0,Elite
SRR1533411,Harbin_91-6065,0,Elite
SRR1533369,PI518750,0,Elite
HN037,PI200508,0,Elite
HN056,PI437863A,0,Elite
HN057,PI438258,0,Elite
HN062,PI475783B,0,Elite
USB-046,PI592954,0,Elite
SRR1533413,Jilin_21,0,Elite
HN064,PI518751,0,Elite
HN054,PI437169B,0,Elite
SRR1533373,PI540552,0,Elite
SRR1533374,PI547686,0,Elite
SRR1533385,PI547690,0,Elite
SRR1533388,PI548190,0,Elite
SRR1533396,PI547779,0,Elite
SRR1533408,PI547716,0,Elite
SRR1533444,PI547680,0,Elite
HN059,PI464920B,0,Elite
HN081,PI567519,0,Elite
HN084,PI567690,0,Elite
HN086,PI567731,0,Elite
USB-119,PI253661B,0,Elite
HN036,PI200471,0,Elite
HN107,PI417015,0,Elite
HN033,PI87617,0,Elite
SRR1533386,PI548182,0,Elite
HN082,PI567611,0,Elite
HN083,PI567651,1,Elite
HN085,PI567719,0,Elite
HN091,PI594599,0,Elite
HN038,PI248515,0,Elite
HN108,PI229343,0,Elite
USB-016,PI506862,0,Elite
HN094,PI603170,1,Elite
HN095,PI603175,1,Elite
HN096,PI603176A,0,Elite
HN006,PI407788A,1,Elite
HN049,PI408105A,0,Elite
SRR1533353,PI547459,0,Elite
SRR1533355,PI547409,0,Elite
SRR1533357,PI547562,0,Elite
SRR1533366,PI547460,0,Elite
SRR1533376,PI547488,0,Elite
HN074,PI561271,0,Elite
HN061,PI471938,0,Elite
HN093,PI603154,0,Elite
HN035,PI196175,1,Elite
HN041,PI398593,1,Elite
HN042,PI398595,1,Elite
HN043,PI398610,1,Elite
HN044,PI398614,1,Elite
HN048,PI407965,1,Elite
HN089,PI594012,0,Elite
USB-048,PI597476,0,Elite
HN098,PI605869A,0,Elite
HN050,PI416937,0,Elite
HN090,PI594512A,0,Elite
CRR106893,PI483463,1,G. soja
CRR106894,PI101404B,1,G. soja
CRR106895,PI561355,1,G. soja
CRR106896,PI458538-1,1,G. soja
CRR106897,PI479768,1,G. soja
CRR106898,PI464866A,1,G. soja
CRR106899,PI464891B,1,G. soja
CRR106900,PI479746B,1,G. soja
CRR106901,PI407294,1,G. soja
CRR106902,PI479753C,1,G. soja
CRR106903,PI464890A,1,G. soja
CRR106904,PI407290,1,G. soja
CRR106905,PI479744,1,G. soja
CRR106906,PI407299,1,G. soja
CRR106907,PI464929A-1,1,G. soja
CRR106908,PI464926,1,G. soja
CRR106909,PI468399B,1,G. soja
SRR1533164,PI597459C,1,G. soja
SRR1533170,PI597461C,1,G. soja
SRR1533210,PI597459D,1,G. soja
SRR1533211,PI597461A,0,G. soja
SRR1533152,ZJ-Y314,1,G. soja
SRR1533158,ZJ-Y108,1,G. soja
SRR1533159,ZJ-Y2300-1,1,G. soja
SRR1533165,ZJ-Y155,1,G. soja
SRR1533171,ZJ-Y188,1,G. soja
SRR1533177,ZJ-Y191,1,G. soja
SRR1533184,ZJ-Y200,1,G. soja
SRR1533195,ZJ-Y217,0,G. soja
SRR1533200,ZJ-ZY020,1,G. soja
SRR1533201,ZJ-Y282,1,G. soja
SRR1533208,ZJ-YJ038,1,G. soja
SRR1533213,ZJ-YJ086,1,G. soja
SRR1533161,PI593983,1,G. soja
CRR106910,PI326581,1,G. soja
CRR106911,PI81762,1,G. soja
SJ-18,PI507830B,1,G. soja
SJ-27,PI639586,1,G. soja
SJ-28,PI639590A,1,G. soja
SJ-29,PI639590B,1,G. soja
SJ-30,PI639621,1,G. soja
SJ-17,PI507752,1,G. soja
SJ-31,PI507847,1,G. soja
SRR1533153,PI578357,1,G. soja
CRR106912,PI567194,1,G. soja
CRR106913,PI578357-2,1,G. soja
CRR106914,PI507719,1,G. soja
CRR106915,PI578340A,1,G. soja
CRR106916,PI578343,1,G. soja
CRR106917,PI578340B,1,G. soja
CRR106918,PI507791,0,G. soja
CRR106919,PI507801,1,G. soja
CRR106920,PI342620B-1,1,G. soja
CRR106921,PI522231A,1,G. soja
CRR106922,PI522225A,1,G. soja
CRR106923,PI507786,1,G. soja
CRR106924,PI522230A,1,G. soja
CRR106925,PI522232,1,G. soja
CRR106926,PI342622B,1,G. soja
CRR106927,PI507785,1,G. soja
CRR106928,PI522229,1,G. soja
CRR106929,PI522234,1,G. soja
CRR106930,PI507797,1,G. soja
CRR106931,PI522203,1,G. soja
CRR106932,PI507805,1,G. soja
SRR1533203,PI578341,1,G. soja
CRR106933,PI342620B-2,1,G. soja
SRR1533196,PI504286,1,G. soja
SRR1533155,PI562565,0,G. soja
SRR1533163,PI562559,1,G. soja
SRR1533175,PI458536,1,G. soja
SRR1533193,PI479769,1,G. soja
SRR1533197,PI458538,1,G. soja
SRR1533198,PI458535,1,G. soja
SRR1533181,PI464929A,1,G. soja
SRR1533188,PI464929B,1,G. soja
SRR1533205,PI464927A,1,G. soja
SRR1533167,PI423991,1,G. soja
SRR1533212,PI522226,1,G. soja
SRR1533178,PI522182B,1,G. soja
SJ-19,PI532450,1,G. soja
SRR1533172,PI479752,1,G. soja
SRR1533185,PI522228,1,G. soja
SRR1533202,PI407288,1,G. soja
HN063,PI483463,1,G. soja
SRR1533190,PI326582A,1,G. soja
SRR1533209,PI547831,1,G. soja
SJ-20,PI549047,1,G. soja
SJ-21,PI549048,0,G. soja
SRR1533166,PI447004,1,G. soja
SRR1533179,PI483460B,1,G. soja
SJ-13,PI468918,1,G. soja
SRR1533173,PI468916,1,G. soja
SRR1533186,PI483464A,1,G. soja
SRR1533191,PI522216,1,G. soja
SRR1533204,PI549046,0,G. soja
SRR1533192,PI468400A,1,G. soja
SRR1533154,PI366120,0,G. soja
HN039,PI366121,0,G. soja
HN040,PI378702,1,G. soja
SRR1533174,PI366123,1,G. soja
SRR1533180,PI378692,1,G. soja
HN053,PI424088,1,G. soja
HN052,PI424079,0,G. soja
HN045,PI407162,1,G. soja
HN046,PI407184,1,G. soja
SJ-34,PI407175,1,G. soja
SRR1533187,PI407275,0,G. soja
SJ-24,PI597458B,1,G. soja
SRR1533189,PI407301,1,G. soja
SRR1533206,PI483465,1,G. soja
SJ-42,PI407038,1,G. soja
SRR1533162,PI407027,1,G. soja
SRR1533156,PI339871A,1,G. soja
SJ-12,PI424008A,0,G. soja
SJ-43,PI407318A,0,G. soja
SJ-11,PI407315,1,G. soja
SJ-44,PI407229,1,G. soja
SRR1533194,PI424096,1,G. soja
SRR1533176,PI407197,0,G. soja
SRR1533182,PI407246,0,G. soja
SJ-22,PI562558,1,G. soja
SJ-23,PI562568,1,G. soja
SJ-37,PI562557,1,G. soja
SJ-10,PI407308,0,G. soja
SJ-32,PI424014,1,G. soja
SJ-40,PI562534,1,G. soja
SJ-41,PI407183,1,G. soja
SRR1533168,PI407170,1,G. soja
SJ-26,PI597471D,1,G. soja
SJ-08,PI407303,1,G. soja
SRR1533183,PI464935,1,G. soja
SJ-09,PI407307,1,G. soja
SJ-01,PI378684A,1,G. soja
SJ-02,PI378696A,1,G. soja
SJ-15,PI507619B,1,G. soja
SJ-04,PI407083,0,G. soja
SJ-45,PI507638,0,G. soja
SJ-07,PI407286,1,G. soja
SJ-16,PI507667,1,G. soja
SRR1533169,PI407131,1,G. soja
SJ-36,PI507615,0,G. soja
SJ-14,PI507609,1,G. soja
SJ-03,PI378698,1,G. soja
SJ-33,PI424107A,1,G. soja
SJ-05,PI407270,0,G. soja
SJ-39,PI407262,1,G. soja
SJ-06,PI407281,1,G. soja
SJ-38,PI378699A,1,G. soja
SRR1533199,PI407285,1,G. soja
SRR1533207,PI507662,1,G. soja
SRR1533157,PI393551,1,G. soja
CRR108798,L61-1069,0,Genetic
CRR108800,L67-3090,0,Genetic
CRR108857,L67-3214,0,Genetic
CRR108617,PI547679,0,Genetic
CRR108619,PI547722,0,Genetic
CRR108620,PI547700,0,Genetic
CRR108621,PI547756,0,Genetic
CRR108622,PI547708,0,Genetic
CRR108623,PI547709,0,Genetic
CRR108624,PI547754,0,Genetic
CRR108625,PI547735,0,Genetic
CRR108626,PI547760,0,Genetic
CRR108627,PI547689,0,Genetic
CRR108628,PI547787,0,Genetic
CRR108629,PI547715,0,Genetic
CRR108630,PI547766,0,Genetic
CRR108631,PI547725,0,Genetic
CRR108632,PI547698,0,Genetic
CRR108634,PI547558,0,Genetic
CRR108635,PI547873,0,Genetic
CRR108636,PI547844,0,Genetic
CRR108637,PI547850,0,Genetic
CRR108638,PI547499,0,Genetic
CRR108639,PI547875,0,Genetic
CRR108640,PI547889,0,Genetic
CRR108641,PI547838,0,Genetic
CRR108642,PI547637,0,Genetic
CRR108643,PI547421,0,Genetic
CRR108644,PI547717,0,Genetic
CRR108645,PI547860,0,Genetic
CRR108646,PI547835,0,Genetic
CRR108647,PI547677,0,Genetic
CRR108648,PI547871,0,Genetic
CRR108649,PI547642,0,Genetic
CRR108650,PI547678,0,Genetic
CRR108651,PI547509,0,Genetic
CRR108652,PI547693,0,Genetic
CRR108653,PI547842,0,Genetic
CRR108654,PI547764,0,Genetic
CRR108655,PI547696,0,Genetic
CRR108656,PI547705,0,Genetic
CRR108657,PI547739,0,Genetic
CRR108658,PI547439,0,Genetic
CRR108659,PI547428,0,Genetic
CRR108660,PI547843,0,Genetic
CRR108661,PI547697,0,Genetic
CRR108662,PI547425,0,Genetic
CRR108663,PI547683,0,Genetic
CRR108664,PI547872,0,Genetic
CRR108665,PI547718,0,Genetic
CRR108666,PI547422,0,Genetic
CRR108667,PI547704,0,Genetic
CRR108668,PI547751,0,Genetic
CRR108669,PI547761,0,Genetic
CRR108670,PI547877,0,Genetic
CRR108672,PI547485,0,Genetic
CRR108673,PI547846,0,Genetic
CRR108674,PI547721,0,Genetic
CRR108675,PI547880,0,Genetic
CRR108676,PI547653,0,Genetic
CRR108677,PI547885,0,Genetic
CRR108678,PI547630,0,Genetic
CRR108681,PI547757,0,Genetic
CRR108682,PI547740,0,Genetic
CRR108683,PI547692,0,Genetic
CRR108684,PI547776,0,Genetic
CRR108687,PI547729,0,Genetic
CRR108688,PI547618,0,Genetic
CRR108689,PI547531,0,Genetic
CRR108690,PI547522,0,Genetic
CRR108691,PI547482,0,Genetic
CRR108693,PI548167,0,Genetic
CRR108694,PI548219,0,Genetic
CRR108695,PI547414,0,Genetic
CRR108697,PI547426,0,Genetic
CRR108698,PI547811,0,Genetic
CRR108699,PI547530,0,Genetic
CRR108700,PI548173,0,Genetic
CRR108702,PI548161,0,Genetic
CRR108705,PI547890,0,Genetic
CRR108706,PI547832,0,Genetic
CRR108707,PI547891,0,Genetic
CRR108711,PI548188,0,Genetic
CRR108713,PI547719,0,Genetic
CRR108717,PI547537,0,Genetic
CRR108720,PI548160,0,Genetic
CRR108721,PI547597,0,Genetic
CRR108722,PI548180,0,Genetic
CRR108724,PI547777,0,Genetic
CRR108725,PI547638,0,Genetic
CRR108726,PI547542,0,Genetic
CRR108727,PI547778,0,Genetic
CRR108729,PI547501,0,Genetic
CRR108730,PI547819,0,Genetic
CRR108732,PI547816,0,Genetic
CRR108816,PI547790,0,Genetic
USB-021,PI548171,0,Genetic
CRR108734,PI 533601,0,Genetic
CRR108735,PI548177,0,Genetic
USB-399,PI631123,0,Genetic
HN066,PI547862,0,Genetic
USB-251,PI548178,0,Genetic
USB-252,PI548198,0,Genetic
USB-249,PI548162,0,Genetic
USB-250,PI548169,0,Genetic
USB-253,PI548200,1,Genetic
USB-022,PI548193,0,Genetic
USB-254,PI548256,1,Genetic
SRR1533378,PI548311,0,Landrace
SRR1533268,PI548379,0,Landrace
SRR1533283,PI548382,0,Landrace
SRR1533267,PI548391,0,Landrace
SRR1533279,PI548406,0,Landrace
SRR1533297,PI548298,0,Landrace
SRR1533334,PI548348,0,Landrace
SRR1533345,PI548362,0,Landrace
SRR1533404,PI548603,0,Landrace
SRR1533299,PI548488,0,Landrace
SRR1533312,PI548456,0,Landrace
SRR1533442,PI548477,0,Landrace
SRR1533218,PI548445,0,Landrace
SRR1533232,PI548485,0,Landrace
HN071,PI548657,0,Landrace
CRR107556,FC31409,0,Landrace
CRR107557,Du_Na_Ji_Ka,0,Landrace
CRR107558,Mandarin(Cttawa),0,Landrace
CRR107559,Duo_Ma_Ka_.Tuo_Li_Sa,0,Landrace
CRR107560,PI86301,0,Landrace
CRR108826,Ba_Dou_No.135,0,Landrace
USB-077,PI84631,0,Landrace
CRR106934,PI153293,0,Landrace
CRR106935,PI438364,0,Landrace
CRR106936,PI89061-2,0,Landrace
CRR106937,PI603674,0,Landrace
CRR106938,PI603755D,0,Landrace
CRR106939,PI437586A,0,Landrace
CRR106940,Lv_Bao_Shi,0,Landrace
CRR106941,PI89005-4,0,Landrace
CRR106942,Da_Huang_Dou_-2,0,Landrace
CRR106943,Wu_Xing_Wei,0,Landrace
CRR106944,PI603755C,0,Landrace
CRR106945,PI79797,0,Landrace
CRR106946,PI578499B,0,Landrace
CRR106947,PI437961,0,Landrace
CRR106948,PI88789,0,Landrace
CRR106949,Xiao_Hei_Dou__-2,0,Landrace
CRR106950,PI70023,0,Landrace
CRR106951,PI87531,0,Landrace
CRR106952,PI89055,0,Landrace
CRR106953,PI437805,0,Landrace
CRR106954,PI603418A,0,Landrace
CRR106955,Xiao_Huang_Dou_-4,0,Landrace
CRR106956,PI89773,0,Landrace
CRR106957,PI593967,0,Landrace
CRR106958,Tian_E_Dan_-2,0,Landrace
CRR106959,Niu_Mao_Huang__-2,0,Landrace
CRR106960,PI438252B,0,Landrace
CRR106961,PI603387,0,Landrace
CRR106962,PI603438D,0,Landrace
CRR106963,PI603562A,0,Landrace
CRR106964,PI89059,0,Landrace
CRR106965,Xiao_Huang_Dou_-2,0,Landrace
CRR106966,PI603560,0,Landrace
CRR106967,PI438199,0,Landrace
CRR106968,PI603556,0,Landrace
CRR106969,PI578417B,0,Landrace
CRR106970,PI437799,0,Landrace
CRR106971,PI603304,0,Landrace
CRR106972,PI437715,0,Landrace
CRR106973,PI437902B,0,Landrace
CRR106974,PI538400,0,Landrace
CRR106975,PI603412A,0,Landrace
CRR106976,PI438153,0,Landrace
CRR106977,PI438063,1,Landrace
CRR106978,Xiao_Yuan_Huang_Dou,0,Landrace
CRR106979,PI437625,0,Landrace
CRR106980,PI438065,0,Landrace
CRR106981,PI438072,0,Landrace
CRR106982,PI438115,0,Landrace
CRR106983,PI420338,0,Landrace
CRR106984,PI89014,0,Landrace
CRR106985,PI438052,0,Landrace
CRR106986,PI437977,0,Landrace
CRR106987,PI578499C,0,Landrace
CRR106988,PI437846,1,Landrace
CRR106989,Hu_Pi_Dou,0,Landrace
CRR106990,PI603778,0,Landrace
CRR106991,PI603308B,0,Landrace
CRR106992,PI603693A,0,Landrace
CRR106993,PI603422C,0,Landrace
CRR106994,PI437862,0,Landrace
CRR106995,PI603494,0,Landrace
CRR106996,PI603492,0,Landrace
CRR106997,PI561302C,0,Landrace
CRR106998,PI592931,0,Landrace
CRR106999,PI438045,0,Landrace
CRR107000,PI603491,0,Landrace
CRR107001,Huang_Da_Li,0,Landrace
CRR107002,PI603663,0,Landrace
CRR107003,PI437947,0,Landrace
CRR107004,PI592951,0,Landrace
CRR107005,PI603527A,0,Landrace
CRR107006,PI603401,0,Landrace
CRR107007,PI603457A,0,Landrace
CRR107008,PI438267,0,Landrace
CRR107009,PI603498A,0,Landrace
CRR107010,PI603457C,0,Landrace
CRR107011,PI438252A,0,Landrace
CRR107012,PI438018,0,Landrace
CRR107013,PI578415,0,Landrace
CRR107014,PI603397,0,Landrace
CRR107015,PI603564C,0,Landrace
CRR107016,PI612761A,1,Landrace
CRR107017,PI603587C,0,Landrace
CRR107018,PI86878-2,0,Landrace
CRR107019,PI603453,0,Landrace
CRR107020,PI253666A,1,Landrace
CRR107021,PI603551C,0,Landrace
CRR107022,PI437655,0,Landrace
CRR107023,PI89006-2,0,Landrace
CRR107024,PI603331,0,Landrace
CRR107025,PI603730C,0,Landrace
CRR107026,PI603543B,0,Landrace
CRR107027,PI80536,0,Landrace
CRR107028,PI603664,0,Landrace
CRR107029,PI603495A,0,Landrace
CRR107030,PI436612,0,Landrace
CRR107031,PI603429A,0,Landrace
CRR107032,PI437664,0,Landrace
CRR107033,Ping_Rang_Tai_Bai,0,Landrace
CRR107034,PI603348A,0,Landrace
CRR107035,Peking,0,Landrace
CRR107036,PI438181A,0,Landrace
CRR107037,PI593956B,0,Landrace
CRR107038,PI603735B,0,Landrace
CRR107039,PI437909A,0,Landrace
CRR107040,Hui_Pi_Zhi,0,Landrace
CRR107041,PI603339A,0,Landrace
CRR107042,PI437654-1,0,Landrace
CRR107043,PI437830,0,Landrace
CRR107044,PI437613,0,Landrace
CRR107045,PI438257B,0,Landrace
CRR107046,Xing_Da_Dou,0,Landrace
CRR107047,FC_1547,0,Landrace
CRR107048,Hua_Chi_Lv_Di_Dou,0,Landrace
CRR107049,Shang_Cai_Er_Li_Ping_Ding_Shi,0,Landrace
CRR107050,PI612759A,1,Landrace
CRR107051,Te_Da_Li_No.1,0,Landrace
CRR107052,PI81768,1,Landrace
CRR107053,PI603662B,0,Landrace
CRR107054,PI438104,0,Landrace
CRR107055,PI438020,0,Landrace
CRR107056,PI437784,0,Landrace
CRR107057,Hei_Hei_Dou,0,Landrace
CRR107058,PI603436B,0,Landrace
CRR107059,Wang_Yang_Da_Dou,0,Landrace
CRR107060,PI438095,0,Landrace
CRR107061,Ji_Yan_Dou,0,Landrace
CRR107062,PI603561,0,Landrace
CRR107063,PI438145,0,Landrace
CRR107064,Xiao_Bai_Hua_Hei_Dou,0,Landrace
CRR107065,PI438222,0,Landrace
CRR107066,PI603326,0,Landrace
CRR107067,PI68535,0,Landrace
CRR107068,PI437936,0,Landrace
CRR107069,Man_Gui_Dou,0,Landrace
SRR1533259,PI594788,0,Landrace
SRR1533321,Nian_Shi_Huang_Dou,0,Landrace
CRR107070,PI567710,1,Landrace
CRR107071,PI567713D,0,Landrace
CRR107072,PI567692,1,Landrace
CRR107073,PI567696C,1,Landrace
CRR107074,PI567716A,1,Landrace
CRR107075,PI567686,0,Landrace
CRR107076,Si_Xian_Tu_Li_Wai,0,Landrace
CRR107077,PI567732,0,Landrace
CRR107078,Sui_Xi_Wan_Dou_Tuan,0,Landrace
CRR107079,Xin_Liu_Qing,0,Landrace
CRR107080,Xiu_2156,0,Landrace
CRR107081,Bo_Xian_Qian_Jin_Dou,0,Landrace
CRR107082,PI594399A,0,Landrace
CRR107083,Hou_Zi_Mao,0,Landrace
CRR107084,PI594411,0,Landrace
CRR107085,PI567717A,0,Landrace
CRR107086,PI561237,0,Landrace
CRR107087,PI561307,0,Landrace
CRR107088,PI561325,0,Landrace
CRR107089,PI561313,0,Landrace
CRR107090,PI561296A,0,Landrace
CRR107091,PI561321,0,Landrace
CRR107092,Sha_He_Qing_Dou,0,Landrace
CRR107093,PI561331,0,Landrace
CRR107094,Tong_Xian_Xiao_Huang_Dou,0,Landrace
CRR107095,PI561327C,0,Landrace
CRR107096,PI561338A,0,Landrace
CRR107097,PI561242,0,Landrace
CRR107098,PI561319B,0,Landrace
CRR107099,Tong_Xian_Huang_Dou,0,Landrace
CRR107100,PI464910,0,Landrace
CRR107101,Zhong_Mou_Tie_Jiao_Dou,0,Landrace
CRR107102,PI232991,1,Landrace
CRR107103,PI567263,0,Landrace
SRR1533222,Dong_Shan_Bai_Ma_Dou,0,Landrace
SRR1533263,Xia_Men_Teng_Zai_Dou,0,Landrace
SRR1533273,Tong_an_Zi_Hong_Dou,0,Landrace
SRR1533291,Sha_Xian_Qin_Dou,0,Landrace
SRR1533305,Sha_Xian_Wu_Dou,0,Landrace
CRR107104,PI567325A,0,Landrace
CRR107105,Ba_Yue_Zha,0,Landrace
CRR107106,Da_Ke_Huang_Lv_Dou,0,Landrace
CRR107107,PI567294,0,Landrace
CRR107108,Bai_Yin_Bai_Huang_Dou,0,Landrace
CRR107109,PI567349A,0,Landrace
CRR107110,Luo_Ding_Qing_Dou,0,Landrace
CRR107111,Qing_Yuan_Da_Qing_Dou,0,Landrace
CRR107112,Lian_Jiang_Po_Huang_Dou,0,Landrace
CRR107113,Ying_De_He_Dou,0,Landrace
CRR107114,Long_Chuan_Huang_Niu_Mao,0,Landrace
SRR1533277,He_Dou,0,Landrace
CRR107115,Qi_Yue_Huang_-1,0,Landrace
CRR107116,PI594708A,0,Landrace
CRR107117,PI594708B,0,Landrace
CRR107118,Lv_Pi_Huang_Dou,0,Landrace
CRR107119,PI594647B,0,Landrace
CRR107120,Song_Zi_Dou,0,Landrace
CRR107121,Ya_Zhou_Hei_Dou,0,Landrace
CRR107122,PI567486B,0,Landrace
CRR107123,PI567493,0,Landrace
CRR107124,PI538386A,0,Landrace
CRR107125,PI538380,0,Landrace
CRR107126,PI567511,0,Landrace
CRR107127,PI567484,0,Landrace
CRR107128,PI567507C,0,Landrace
CRR107129,PI567510A,0,Landrace
CRR107130,PI567510B,0,Landrace
CRR107131,Hua_Hei_Hu,0,Landrace
CRR107132,Da_Qing_Kang_Fei_Dou,0,Landrace
CRR107133,PI91346,0,Landrace
CRR107134,PI90499-2,0,Landrace
CRR107135,PI61947,0,Landrace
CRR107136,Xia_Tai_Zi_Mo_Shi_Dou,0,Landrace
CRR107137,PI538387,0,Landrace
CRR107138,Li_Xian_Hei_Dou,0,Landrace
CRR107139,PI567645A,0,Landrace
CRR107140,PI567620A,0,Landrace
CRR107141,PI567640,0,Landrace
CRR107142,PI567621A,0,Landrace
CRR107143,PI567628A,0,Landrace
CRR107144,PI567650B,0,Landrace
CRR107145,PI567672,0,Landrace
CRR107146,PI567650A`,0,Landrace
CRR107147,PI567679B,1,Landrace
CRR107148,PI567631,0,Landrace
CRR107149,PI567621B,0,Landrace
CRR107150,PI567648C,0,Landrace
CRR107151,Shang_Qiu_Liu_Hua_Zhu,0,Landrace
CRR107152,PI567633,0,Landrace
CRR107153,Qing_Feng_Tian_E_Dan,0,Landrace
CRR107154,PI567667C,0,Landrace
CRR107155,Mi_Yang_Xiao_Li,1,Landrace
CRR107156,Ru_Nan_Ping_Ding_Shi,0,Landrace
CRR107157,Xin_Yang_Yang_Yan_Dou_-2,0,Landrace
CRR107158,Huai_Yang_Qing_Dou,0,Landrace
CRR107159,PI602992,0,Landrace
CRR107160,Mi_Yang_Xiao_Li_Huang,1,Landrace
SRR1533228,Nan_Guan_Xiao_PI_Qing,0,Landrace
SRR1533448,Da_Tun_Xiao_Hei_Dou,0,Landrace
CRR107161,Huang_Bao_Zhu,0,Landrace
CRR107162,Si_Li_Huang,0,Landrace
CRR107163,Man_Cang_Jin,0,Landrace
CRR107164,Sun_Wu_Ping_Ding_Huang,0,Landrace
CRR107165,PI79710,0,Landrace
CRR107166,PI65379,0,Landrace
CRR107167,Nen_Jiang_Da_Jin_Huang,0,Landrace
CRR107168,PI597441,0,Landrace
CRR107169,PI54615,0,Landrace
CRR107170,PI68761-3,0,Landrace
CRR107171,PI70027,0,Landrace
CRR107172,Bai_Bao_Zhu,0,Landrace
CRR107173,Suo_Yi_Ling,0,Landrace
CRR107174,Bai_Mei,0,Landrace
CRR107175,Ke_Shuang,0,Landrace
CRR107176,PI567160,1,Landrace
CRR107177,PI291309A,0,Landrace
CRR107178,Yuan_Bao_Jin,0,Landrace
CRR107179,Ke_Shan_Si_Li_Huang,0,Landrace
CRR107180,Jing_Shan_Pu,0,Landrace
CRR107181,PI68481,0,Landrace
CRR107182,PI79739,0,Landrace
CRR107183,PI68585,0,Landrace
CRR107184,Qing_An_Hei_Dou__-2,0,Landrace
CRR107185,PI70013,0,Landrace
CRR107186,Da_Li_Huang_-1,0,Landrace
CRR107187,PI68815,0,Landrace
CRR107188,PI68642,0,Landrace
CRR107189,PI68709,0,Landrace
CRR107190,PI68715,0,Landrace
CRR107191,Rao_He_Ba_Yue_Mang,0,Landrace
CRR107192,Dong_Bei_Hei_Dou,0,Landrace
CRR107193,You_Huang_Dou,0,Landrace
CRR107194,PI612709A,0,Landrace
CRR107195,Shu_Guang_Huang_Dou,0,Landrace
CRR107196,PI68430,0,Landrace
CRR107197,PI597442,0,Landrace
CRR107198,De_Dou_Da_Bai_Mei,0,Landrace
CRR107199,PI68722,0,Landrace
CRR107200,Wu_Ding_Zhu,0,Landrace
CRR107201,PI291290,0,Landrace
CRR107202,Ke_Shan_Bao_Guan_Liang,0,Landrace
CRR107203,Zi_Hua_No.2,0,Landrace
CRR107204,PI592975,0,Landrace
CRR107205,PI291275,1,Landrace
CRR107206,PI73780,0,Landrace
CRR107207,PI361077A,0,Landrace
CRR107208,PI291278,1,Landrace
CRR107209,Shang_Zhi_Hei_Qi,0,Landrace
CRR107210,Mao_Dou,0,Landrace
CRR107211,PI68680-2,0,Landrace
CRR107212,Zi_Hua_No.4_*,0,Landrace
CRR107213,Zi_Hua_No.4_-2,0,Landrace
SRR1533225,Long_quan_Da_Dou,0,Landrace
SRR1533339,Hei_He_Xiao_Huang_Dou,0,Landrace
CRR107214,Chi_Huang_Dou_No.1,1,Landrace
CRR107215,PI587716B,1,Landrace
CRR107216,Hua_Se_Dou,0,Landrace
CRR107217,Da_Bai_Mao_Dou,0,Landrace
CRR107218,Hua_Mei_Dou,0,Landrace
CRR107219,E_Dou_No.2,0,Landrace
SRR1533304,Ni_Dou,0,Landrace
SRR1533318,Jin_Huang_No_35,0,Landrace
SRR1533331,Dai_Mi_Dou,0,Landrace
SRR1533252,Xiang_Dou_No_4,0,Landrace
SRR1533275,Hong_Zhu_Dou,0,Landrace
CRR107220,Tie_Jia_Si_Li_Huang_-2,0,Landrace
CRR107221,Feng_Di_Huang_*,0,Landrace
CRR107222,PI92630,0,Landrace
CRR107223,Ju_Te_Qi_Feng_Huang,0,Landrace
CRR107224,PI88353,0,Landrace
CRR107225,Cha_Se_Dou,0,Landrace
CRR107226,PI92602,0,Landrace
CRR107227,Si_Li_Qi,0,Landrace
CRR107228,PI91100-2,0,Landrace
CRR107229,PI518710,0,Landrace
CRR107230,PI92607,0,Landrace
CRR107231,PI92619,0,Landrace
CRR107232,Za_Qi_Dou,0,Landrace
CRR107233,Lan_Qi,0,Landrace
CRR107234,PI54620,0,Landrace
CRR107235,Tie_Jia_Si_Li_Huang_*,0,Landrace
CRR107236,PI92583,0,Landrace
CRR107237,PI91730,0,Landrace
CRR107238,PI532443,0,Landrace
CRR107239,PI92640,0,Landrace
CRR107240,PI92686,0,Landrace
CRR107241,Yi_Wo_Feng_-2,0,Landrace
CRR107242,Qian_Ceng_Ta,0,Landrace
CRR107243,PI467333,0,Landrace
CRR107244,PI92677,0,Landrace
CRR107245,PI92706,0,Landrace
CRR107246,PI479725A,0,Landrace
CRR107247,PI458522,0,Landrace
CRR107248,PI467340,0,Landrace
CRR107249,Hui_Chun_Dou,0,Landrace
CRR107250,PI91104,0,Landrace
CRR107251,Tong_Nong_No.4,0,Landrace
CRR107252,PI464909,0,Landrace
CRR107253,Du_Lu_Dou,0,Landrace
CRR107254,Qing_Pi_Dou_-2,0,Landrace
CRR107255,PI532441A,1,Landrace
CRR107256,PI479726,0,Landrace
CRR107257,PI92641B,0,Landrace
CRR107258,PI92651,0,Landrace
CRR107259,PI69991,0,Landrace
CRR107260,PI70091,0,Landrace
CRR107261,PI70458,0,Landrace
CRR107262,PI88309,0,Landrace
CRR107263,PI532436A,0,Landrace
CRR107264,Tong_Hua_Ping_Ding_Xiang,0,Landrace
CRR107265,PI467311C,0,Landrace
CRR107266,PI464915B,0,Landrace
CRR107267,PI70456,0,Landrace
CRR107268,PI479724B,0,Landrace
CRR107269,Bai_Cheng_Mo_Shi_Dou,0,Landrace
CRR107270,Ji_Lin_Cha_Hei_Hua,1,Landrace
CRR107271,Tong_Shan_Qing_Da_Dou,0,Landrace
CRR107272,PI567753C,0,Landrace
CRR107273,PI567749A,0,Landrace
CRR107274,PI532455B,0,Landrace
CRR107275,PI567771E,0,Landrace
CRR107276,Tai_Xing_Ai_Jiao_Hong,0,Landrace
CRR107277,Pi_Xian_Ruan_Tiao_Zhi,0,Landrace
CRR107278,PI567736,0,Landrace
CRR107279,PI587620C,0,Landrace
CRR107280,Shu_Yang_Chun_Hei_Dou_Bing,0,Landrace
CRR107281,Huai_Yin_Chun_Dou,0,Landrace
CRR107282,Guan_Yun_Hai_Bai_Hua__-1,0,Landrace
CRR107283,Sui_Ning_Ping_Ding_Huang,0,Landrace
CRR107284,PI532454,0,Landrace
CRR107285,Bin_Hai_Da_Huang_Ke_Zi,0,Landrace
CRR107286,Pei_Xian_Xiao_You_Dou__-1,0,Landrace
CRR107287,Shang_Rao_Ba_Yue_Bai,0,Landrace
CRR107288,Da_Huang_Zhu,0,Landrace
CRR107289,Xin_Yu_Da_Li_Qing,0,Landrace
SRR1533234,PI_Xian_Da_Zi_Huo_Cao,0,Landrace
SRR1533237,Yu_Jiang_Wu_Yue_Niu_Mao_Huang,0,Landrace
SRR1533246,PI_Xian_Nian_Zhuang_Liu_Yue_Xian,0,Landrace
SRR1533262,Tai_Xin_Niu_Mao_Huang_Yi,1,Landrace
SRR1533224,Sha_Xin_Dou,0,Landrace
SRR1533276,Jin_Shan_Cha_Zhu_Shi_Dou,0,Landrace
SRR1533342,Hei_Wa_Shi_Dou,0,Landrace
CRR107290,PI391586,0,Landrace
CRR107291,PI602492,0,Landrace
CRR107292,PI91164,0,Landrace
CRR107293,PI88502,0,Landrace
CRR107294,Xiong_99-8,0,Landrace
CRR107295,PI464914B,0,Landrace
CRR107296,PI88306,0,Landrace
CRR107297,PI88486,0,Landrace
CRR107298,PI470224,0,Landrace
CRR107299,PI458511,0,Landrace
CRR107300,Bai_Qi_Ying_Ge_Dou,0,Landrace
CRR107301,Da_Li_Hei_Dou_-2,0,Landrace
CRR107302,Tie_Jia_Zi,0,Landrace
CRR107303,PI54608-1,0,Landrace
CRR107304,Mao_Yan_Dou,0,Landrace
CRR107305,PI88302-1,0,Landrace
CRR107306,PI88352,0,Landrace
CRR107307,PI88300,0,Landrace
CRR107308,PI88351,0,Landrace
CRR107309,PI91165,0,Landrace
CRR107310,PI88458,0,Landrace
CRR107561,Mukden,0,Landrace
CRR107311,PI567372B,0,Landrace
CRR107312,PI567366A,1,Landrace
CRR107313,PI567366B,1,Landrace
SRR1533307,Ni_Ding_Hua_Mei_Dou,0,Landrace
CRR107314,Shang_Nan_Ba_Yue_Zao,0,Landrace
CRR107315,Jiang_Huang_Dou,0,Landrace
CRR107316,Hui_Cha_Xiao_Huang_Dou,0,Landrace
CRR107317,PI567388,0,Landrace
CRR107318,Zao_Shu_Hei_Dou,0,Landrace
CRR107319,PI567526,0,Landrace
CRR107320,PI567601,0,Landrace
CRR107321,PI567522B,0,Landrace
CRR107322,PI567555,0,Landrace
CRR107323,PI567557,0,Landrace
CRR107324,PI567524,0,Landrace
CRR107325,Feng_Shou_Huang,0,Landrace
CRR107326,Ping_Ding_Hei_-1,0,Landrace
CRR107327,Wen_Deng_Xiao_Gun_Long_Zhu,0,Landrace
CRR107328,PI567586A,0,Landrace
CRR107329,PI567552,0,Landrace
CRR107330,Ning_Yang_Jiao_Zi_Dou,0,Landrace
CRR107331,Er_Li_Hei_Dou,0,Landrace
CRR107332,Wen_Feng_No.7,0,Landrace
CRR107333,PI518719,0,Landrace
CRR107334,Ji_Shan_Hei_Pi_Lv_Da_Dou,0,Landrace
CRR107335,PI567437,0,Landrace
CRR107336,PI567465,0,Landrace
CRR107337,Da_Hei_Dou_-2,0,Landrace
CRR107338,PI567455,0,Landrace
CRR107339,Can_Si_Dou,0,Landrace
CRR107340,Nong_Jia_Zhong,0,Landrace
CRR107341,Liu_Shi_Ri_Bai_Dou,0,Landrace
CRR107342,PI574476B,0,Landrace
CRR107343,Ji_Shan_Zhen_Zhu_Xiao_Hei_Dou,0,Landrace
CRR107344,Lv_Gun_Dou,0,Landrace
CRR107345,Yang_Yan_Dou,1,Landrace
CRR107346,He_Hei_Dou,0,Landrace
CRR107347,Dong_Shan_No.69,0,Landrace
CRR107348,Xing_Xian_Bai_Da_Dou,0,Landrace
CRR107349,Xing_Xian_Hui_Pi_Zhi_Hei_Dou,0,Landrace
CRR107350,Pu_Dou_No.451,0,Landrace
SRR1533300,Guang_Rao_Da_Qing_Dou,0,Landrace
SRR1533325,Xiao_Mi_Dou,0,Landrace
CRR107351,Jin_Shan_Cha_Mo_Shi_Dou,0,Landrace
SRR1533219,You_Pi_Zhi_Hei_Dou,0,Landrace
SRR1533233,Xia_Hei_Dou,0,Landrace
SRR1533249,Da_Qing_Ren,0,Landrace
SRR1533293,Ji_Shan_De_Da_Li_Hei_Dou,0,Landrace
SRR1533327,Xin_Xian_Xiao_Huang_Dou,0,Landrace
CRR107352,PI594508,0,Landrace
CRR107353,PI587983A,0,Landrace
CRR107354,PI588027C,0,Landrace
CRR107355,Peng_Shan_Huang_Ke_Zi_-3,0,Landrace
CRR107356,PI594448B,0,Landrace
CRR107357,Han_Yuan_Ba_Li_Xiao_Hei_Dou,0,Landrace
CRR107358,Ba_Zhong_Tian_Kan_Dou,0,Landrace
CRR107359,PI588033C,0,Landrace
CRR107360,PI594443,0,Landrace
CRR107361,PI594501B,0,Landrace
CRR107362,PI594465,0,Landrace
CRR107363,Shi_Fang_Luo_Si_Dou,0,Landrace
CRR107364,Qiong_Lai_You_Jiang_Hei_Dou,0,Landrace
CRR107365,Wu_Yan_Wo,0,Landrace
CRR107366,Zao_Jiao_Dou,0,Landrace
CRR107367,Qu_Xian_Ba_Yue_Huang,0,Landrace
CRR107368,PI594462,0,Landrace
CRR107369,Ceng_Jia_Lv_Huang_Dou,0,Landrace
CRR107370,Da_Huang_Dou_-3,0,Landrace
CRR107371,Zi_Zhong_Liu_Yue_Huang,0,Landrace
CRR107372,Pi_Xian_Da_San_Jiao,0,Landrace
CRR107373,PI504482,0,Landrace
CRR107374,PI475813B,0,Landrace
CRR107375,Ma_Lan_Zao_Cha_Dou,0,Landrace
CRR107376,Xuan_Za,0,Landrace
CRR107377,PI556949,0,Landrace
SRR1533337,Cu_Dou,0,Landrace
CRR107378,PI153290,1,Landrace
CRR107379,PI347561,0,Landrace
CRR107380,PI438373,0,Landrace
CRR107381,PI438313,0,Landrace
CRR107382,PI417527,0,Landrace
CRR107383,PI438324,0,Landrace
CRR107384,PI153286,0,Landrace
CRR107385,PI189897,0,Landrace
CRR107386,PI189911,0,Landrace
CRR107387,PI153317,0,Landrace
CRR107388,PI189930,0,Landrace
CRR107389,PI189946,1,Landrace
CRR107390,PI567201D,0,Landrace
CRR107391,PI404161,0,Landrace
CRR107392,PI372419,0,Landrace
CRR107393,PI189917,0,Landrace
CRR107394,PI290125,0,Landrace
CRR107395,PI438326,0,Landrace
CRR107396,PI189882,0,Landrace
SRR1533330,PI567071A,0,Landrace
CRR107397,PI507349,0,Landrace
CRR107398,PI379559C,0,Landrace
CRR107399,PI205090,1,Landrace
CRR107400,PI506874,0,Landrace
CRR107401,PI317335,0,Landrace
CRR107402,PI506800A,0,Landrace
CRR107403,PI229330,1,Landrace
CRR107404,PI507108,0,Landrace
CRR107405,PI507064,0,Landrace
CRR107406,PI417344,0,Landrace
CRR107407,PI507286C,0,Landrace
CRR107408,PI416917,0,Landrace
CRR107409,PI506801B,0,Landrace
CRR107410,PI417202,0,Landrace
CRR107411,PI507408,0,Landrace
CRR107412,PI507531,0,Landrace
CRR107413,PI507396,0,Landrace
CRR107414,PI417269,0,Landrace
CRR107415,PI594208,0,Landrace
CRR107416,PI507245,0,Landrace
CRR107417,PI416996,0,Landrace
CRR107418,PI507093,0,Landrace
CRR107419,PI507063,0,Landrace
CRR107420,PI507182,0,Landrace
CRR107421,PI196160,0,Landrace
CRR107422,PI507189B,0,Landrace
CRR107423,PI506862,0,Landrace
CRR107424,PI507167B,0,Landrace
CRR107425,PI417298,0,Landrace
CRR107426,PI417023,0,Landrace
CRR107427,PI417162,0,Landrace
CRR107428,PI417140,1,Landrace
CRR107429,PI416757,0,Landrace
CRR107430,PI506711A,0,Landrace
CRR107431,PI507065,0,Landrace
CRR107432,PI85665,0,Landrace
CRR107433,PI416937,0,Landrace
CRR107434,PI80825,0,Landrace
CRR107435,PI417167,0,Landrace
CRR107436,PI594319,0,Landrace
CRR107437,PI196150,0,Landrace
CRR107438,PI417168,0,Landrace
CRR107439,PI507095A,0,Landrace
CRR107440,PI417139,1,Landrace
CRR107441,PI423870,0,Landrace
CRR107442,PI506573,0,Landrace
CRR107443,PI594156,0,Landrace
CRR107444,PI416756,0,Landrace
CRR107445,PI507153,0,Landrace
CRR107446,PI417324A,0,Landrace
CRR107447,PI86449,0,Landrace
CRR107448,PI86482-1,0,Landrace
CRR107449,PI378682B,0,Landrace
CRR107450,PI86449-2,0,Landrace
CRR107451,PI64747,0,Landrace
CRR107452,Bei_Jian_Bai,0,Landrace
CRR107453,PI507565,1,Landrace
CRR107454,PI86111,0,Landrace
CRR107455,PI423869,0,Landrace
CRR107456,PI86022,0,Landrace
CRR107457,PI593970,0,Landrace
CRR107458,PI81031-2,0,Landrace
CRR107459,PI80841,0,Landrace
CRR107460,PI80488-1,1,Landrace
CRR107461,PI84979,0,Landrace
CRR107462,PI85014,0,Landrace
CRR107463,PI86153,0,Landrace
CRR107464,PI226589,0,Landrace
CRR107465,PI132217,0,Landrace
CRR107466,PI153233,0,Landrace
CRR107467,PI154196,1,Landrace
CRR107468,PI603157,0,Landrace
CRR107469,PI603914,0,Landrace
CRR107470,PI438304A,0,Landrace
CRR107471,PI438296,0,Landrace
CRR107472,PI424302,0,Landrace
CRR107473,PI398621,0,Landrace
CRR107474,PI424222A,0,Landrace
CRR107475,PI486355,0,Landrace
CRR107476,PI96786,0,Landrace
CRR107477,PI91729,0,Landrace
CRR107478,PI90208,0,Landrace
CRR107479,PI159925-2,0,Landrace
CRR107480,PI361066A,0,Landrace
CRR107481,PI361117,0,Landrace
CRR107482,PI361067,0,Landrace
CRR107483,PI476345,0,Landrace
CRR107484,PI404151,0,Landrace
CRR107485,PI437098,0,Landrace
CRR107486,PI437109C,0,Landrace
CRR107487,PI507697,1,Landrace
CRR107488,PI437110A,0,Landrace
CRR107489,PI347552B,0,Landrace
CRR107490,PI437145B,0,Landrace
CRR107491,PI437392,0,Landrace
CRR107492,PI437336A,0,Landrace
CRR107493,PI437478,0,Landrace
CRR107494,PI437336B,0,Landrace
CRR107495,PI437381B,0,Landrace
CRR107496,PI437425,0,Landrace
CRR107497,PI437434A,0,Landrace
CRR107498,PI437512,0,Landrace
CRR107499,PI437359,0,Landrace
CRR107500,PI437373,0,Landrace
CRR107501,PI437324,0,Landrace
CRR107502,PI458018,0,Landrace
CRR107503,PI82544,0,Landrace
CRR107504,PI458021,0,Landrace
CRR107505,PI85021,0,Landrace
CRR107506,PI399073,0,Landrace
CRR107507,PI423826B,0,Landrace
CRR107508,PI423808B,0,Landrace
CRR107509,PI340034,0,Landrace
CRR107510,PI458236A,0,Landrace
CRR107511,PI458227,0,Landrace
CRR107512,PI458230B,0,Landrace
CRR107513,PI408017,0,Landrace
CRR107514,PI458189A,0,Landrace
CRR107515,PI508296H,0,Landrace
CRR107516,PI424406B,0,Landrace
CRR107517,PI407877C,0,Landrace
CRR107518,PI407906,0,Landrace
CRR107519,PI458177,0,Landrace
CRR107520,PI424247A,0,Landrace
CRR107521,PI458067A,0,Landrace
CRR107522,PI398890,0,Landrace
CRR107523,PI458061A,0,Landrace
CRR107524,PI458060B,0,Landrace
CRR107525,PI458040,0,Landrace
CRR107526,PI509076,1,Landrace
CRR107527,PI458105,1,Landrace
CRR107528,PI423789,0,Landrace
CRR107529,PI458087,0,Landrace
CRR107530,PI83945-4,0,Landrace
CRR107531,PI458030,0,Landrace
CRR107532,PI442012A,0,Landrace
CRR107533,PI398322,0,Landrace
CRR107534,PI398299,1,Landrace
CRR107535,PI64698,0,Landrace
CRR107536,PI84594,0,Landrace
CRR107537,PI398261,0,Landrace
CRR107538,PI407818A,0,Landrace
CRR107539,PI424529,0,Landrace
CRR107540,PI458299,0,Landrace
CRR107541,PI408211A,1,Landrace
CRR107542,PI594022,0,Landrace
CRR107543,PI408222C,0,Landrace
CRR107544,PI408196B,0,Landrace
CRR107545,PI408197A,0,Landrace
CRR107546,PI424547,0,Landrace
CRR107547,PI408230,0,Landrace
CRR107548,PI398183,0,Landrace
CRR107549,PI470929,0,Landrace
CRR107550,PI437525,0,Landrace
CRR107551,PI438496A,1,Landrace
CRR107552,PI438504A,0,Landrace
CRR107553,PI438487,0,Landrace
CRR107554,PI438499,0,Landrace
CRR107555,PI438503C,0,Landrace
CRR107562,PI606421,0,Landrace
CRR107563,PI605831A,0,Landrace
CRR107564,PI605845A,0,Landrace
CRR107565,PI605817B,0,Landrace
USB-203,PI438336,0,Landrace
USB-134,PI372403B,0,Landrace
SRR1533269,PI153262,0,Landrace
SRR1533313,PI603424A,0,Landrace
USB-014,PI468908,0,Landrace
USB-039,PI567171,0,Landrace
USB-150,PI407708A,0,Landrace
USB-192,PI437991B,0,Landrace
USB-240,PI514671,0,Landrace
USB-291,PI567173,0,Landrace
USB-387,PI603698J,1,Landrace
USB-113,PI189873,0,Landrace
USB-005,PI180501,0,Landrace
USB-160,PI417529,1,Landrace
USB-209,PI445824A,0,Landrace
USB-126,PI297520,0,Landrace
USB-166,PI424195A,0,Landrace
SRR1533284,PI416890,1,Landrace
SRR1533301,PI423954,1,Landrace
SRR1533324,PI317336,0,Landrace
USB-009,PI360957,0,Landrace
USB-157,PI417381,0,Landrace
USB-286,PI561389B,1,Landrace
USB-012,PI437265D,0,Landrace
USB-175,PI437240,0,Landrace
USB-293,PI567225,0,Landrace
USB-104,PI154189,0,Landrace
USB-132,PI361070,0,Landrace
USB-129,PI342619A,0,Landrace
USB-294,PI567226,0,Landrace
USB-139,PI378658,0,Landrace
USB-268,PI548571,0,Landrace
SRR1533221,PI467343,0,Landrace
SRR1533271,PI603318,0,Landrace
SRR1533288,PI603357,0,Landrace
SRR1533328,PI253658B,0,Landrace
SRR1533335,PI407716,0,Landrace
USB-122,PI291294,0,Landrace
USB-125,PI297505,0,Landrace
USB-149,PI407701,0,Landrace
USB-184,PI437695A,0,Landrace
USB-198,PI438230A,0,Landrace
USB-199,PI438239B,0,Landrace
USB-201,PI438309,0,Landrace
USB-213,PI464896,0,Landrace
USB-215,PI464923,0,Landrace
USB-283,PI561318A,0,Landrace
USB-331,PI578375B,0,Landrace
USB-335,PI578503,0,Landrace
USB-348,PI592960,0,Landrace
USB-351,PI593953,0,Landrace
USB-369,PI603290,0,Landrace
USB-393,PI612754,0,Landrace
SRR1533242,Tian_E_Dan,0,Landrace
SRR1533343,Bai_Lu_Dou,0,Landrace
USB-202,PI438323,0,Landrace
SRR1533257,PI548417,0,Landrace
HN011,PI507354,0,Landrace
SRR1533235,PI507355,0,Landrace
SRR1533260,PI594301,0,Landrace
SRR1533310,PI317334A,0,Landrace
USB-152,PI416751,0,Landrace
USB-353,PI594170B,0,Landrace
SRR1533317,PI83945-3,0,Landrace
USB-010,PI361087,0,Landrace
USB-131,PI361066B,0,Landrace
USB-140,PI378663,1,Landrace
USB-141,PI378680E,0,Landrace
USB-173,PI437160,0,Landrace
USB-174,PI437165A,1,Landrace
USB-177,PI437376A,0,Landrace
USB-179,PI437500A,0,Landrace
USB-255,PI548336,0,Landrace
USB-403,PI639543,1,Landrace
USB-011,PI361093,0,Landrace
USB-135,PI372418,0,Landrace
USB-389,PI605765B,0,Landrace
HN010,PI468915,0,Landrace
HN060,PI467312,0,Landrace
SRR1533239,PI603336,0,Landrace
SRR1533250,PI603420,0,Landrace
SRR1533264,PI603756,1,Landrace
SRR1533272,PI437653,0,Landrace
SRR1533290,PI437944,0,Landrace
SRR1533319,PI567258,0,Landrace
SRR1533332,PI567293,0,Landrace
USB-007,PI266806C,0,Landrace
USB-049,PI603426G,0,Landrace
USB-062,PI54608-1,0,Landrace
USB-087,PI88313,0,Landrace
USB-088,PI88468,0,Landrace
USB-089,PI89005-5,0,Landrace
USB-123,PI291309D,1,Landrace
USB-124,PI291310C,0,Landrace
USB-144,PI391577,1,Landrace
USB-145,PI391583,0,Landrace
USB-148,PI404187,0,Landrace
USB-155,PI417242,0,Landrace
USB-182,PI437662,0,Landrace
USB-186,PI437788A,0,Landrace
USB-187,PI437793,0,Landrace
USB-188,PI437814A,0,Landrace
USB-193,PI438019B,0,Landrace
USB-195,PI438083,0,Landrace
USB-210,PI458505,0,Landrace
USB-216,PI467347,0,Landrace
USB-218,PI475820,0,Landrace
USB-260,PI548411,0,Landrace
USB-297,PI567262A,0,Landrace
USB-311,PI567418A,0,Landrace
USB-317,PI567525,0,Landrace
USB-332,PI578412,0,Landrace
USB-333,PI578493,0,Landrace
USB-334,PI578499A,0,Landrace
USB-336,PI578504,0,Landrace
USB-361,PI597464,1,Landrace
USB-370,PI603345,0,Landrace
USB-371,PI603389,0,Landrace
USB-373,PI603399,0,Landrace
USB-374,PI603463,0,Landrace
USB-392,PI612730,0,Landrace
SRR1533281,Xiao_Bai_Qi,0,Landrace
SRR1533274,PI88479,0,Landrace
HN106,PI417091,0,Landrace
USB-229,PI506942,0,Landrace
USB-220,PI476352B,0,Landrace
USB-404,PI639550E,0,Landrace
USB-025,PI548360,0,Landrace
USB-256,PI548356,0,Landrace
SRR1533336,PI89138,0,Landrace
USB-133,PI361080,1,Landrace
USB-170,PI437112A,0,Landrace
USB-178,PI437485,0,Landrace
USB-180,PI437505,1,Landrace
USB-189,PI437838,0,Landrace
USB-402,PI639528B,0,Landrace
SRR1533248,PI398296,0,Landrace
USB-078,PI84637,0,Landrace
USB-405,PI639559B,1,Landrace
USB-102,PI153231,0,Landrace
USB-013,PI438335,0,Landrace
HN005,PI404166,0,Landrace
HN008,PI437655,0,Landrace
HN018,PI437690,0,Landrace
HN031,PI79691-4,0,Landrace
HN067,PI548317,0,Landrace
HN072,PI549031,0,Landrace
HN079,PI567357,0,Landrace
SRR1533226,PI603384,0,Landrace
SRR1533241,PI603596,0,Landrace
SRR1533253,PI437654,0,Landrace
SRR1533295,PI567364,0,Landrace
SRR1533320,PI404182,0,Landrace
SRR1533338,PI417398,0,Landrace
SRR1533340,PI594451,0,Landrace
USB-037,PI549041A,0,Landrace
USB-041,PI567558,0,Landrace
USB-050,PI603442,0,Landrace
USB-052,PI088788,0,Landrace
USB-057,PI548316,0,Landrace
USB-061,PI54591,0,Landrace
USB-064,PI54615-1,0,Landrace
USB-067,PI68521-1,0,Landrace
USB-068,PI68604-1,0,Landrace
USB-069,PI68732-1,0,Landrace
USB-070,PI70080,0,Landrace
USB-093,PI91100-3,0,Landrace
USB-095,PI91160,0,Landrace
USB-100,PI103088,0,Landrace
USB-168,PI436684,0,Landrace
USB-183,PI437685D,0,Landrace
USB-185,PI437776,0,Landrace
USB-196,PI438112B,0,Landrace
USB-212,PI458510,0,Landrace
USB-217,PI468408B,0,Landrace
USB-221,PI479735,0,Landrace
USB-222,PI490766,0,Landrace
USB-242,PI532463B,0,Landrace
USB-245,PI538386A,0,Landrace
USB-258,PI548383,0,Landrace
USB-278,PI549021A,1,Landrace
USB-304,PI567361,1,Landrace
USB-313,PI567435B,0,Landrace
USB-320,PI567576,0,Landrace
USB-347,PI592952,0,Landrace
USB-354,PI594456A,0,Landrace
USB-375,PI603488,0,Landrace
USB-379,PI603497,0,Landrace
USB-382,PI603549,0,Landrace
USB-384,PI603556,0,Landrace
USB-386,PI603675,0,Landrace
SRR1533289,Hong_Hu_Liu_Yue_Bao,0,Landrace
SRR1533344,Bai_Mao_Dou,0,Landrace
SRR1533265,PI80822,0,Landrace
SRR1533244,Xiao_Bai_Dou,0,Landrace
HN032,PI86006,0,Landrace
HN034,PI87631-1,0,Landrace
USB-003,PI81785,1,Landrace
USB-074,PI81041,0,Landrace
USB-081,PI84973,0,Landrace
USB-116,PI209334,1,Landrace
USB-117,PI232992,1,Landrace
USB-233,PI507293B,0,Landrace
USB-236,PI507471,0,Landrace
SRR1533322,PI86024,0,Landrace
SRR1533296,PI84987,0,Landrace
SRR1533308,PI84987A,0,Landrace
HN026,PI612611,0,Landrace
HN068,PI548349,0,Landrace
USB-086,PI87620,0,Landrace
SRR1533240,PI437321,0,Landrace
USB-023,PI548313,0,Landrace
USB-169,PI437110A,0,Landrace
SRR1533292,PI157421,1,Landrace
SRR1533306,PI399043,0,Landrace
SRR1533333,PI407849,0,Landrace
USB-079,PI84656,0,Landrace
USB-164,PI424078,1,Landrace
USB-363,PI597478B,0,Landrace
USB-206,PI438496B,1,Landrace
USB-208,PI438500,0,Landrace
USB-390,PI606374,0,Landrace
HN009,PI495017C,0,Landrace
HN012,PI567305,0,Landrace
HN016,PI567387,0,Landrace
HN017B,PI437725,0,Landrace
HN022,PI404198B,0,Landrace
HN025,PI567516C,0,Landrace
HN047,PI407729,0,Landrace
HN058,PI458515,0,Landrace
HN069,PI548415,0,Landrace
HN076,PI567336B,0,Landrace
HN078,PI567354,0,Landrace
SRR1533216,PI594615,0,Landrace
SRR1533230,PI594777,0,Landrace
SRR1533243,PI602991,0,Landrace
SRR1533256,PI437679,0,Landrace
SRR1533309,PI567395,0,Landrace
SRR1533323,PI567503,0,Landrace
USB-020,PI603458A,0,Landrace
USB-027,PI548402,0,Landrace
USB-040,PI567426,0,Landrace
USB-042,PI567604A,0,Landrace
USB-044,PI578495,0,Landrace
USB-053,PI089772,0,Landrace
USB-054,PI090763,0,Landrace
USB-063,PI54614,0,Landrace
USB-065,PI58955,0,Landrace
USB-071,PI70466-3,0,Landrace
USB-091,PI90479P,0,Landrace
USB-094,PI91159-4,0,Landrace
USB-096,PI92651,0,Landrace
USB-109,PI171428,0,Landrace
USB-156,PI417345B,0,Landrace
USB-167,PI430595,0,Landrace
USB-214,PI464912,0,Landrace
USB-223,PI495020,0,Landrace
USB-257,PI548359,0,Landrace
USB-259,PI548400,0,Landrace
USB-261,PI548427,0,Landrace
USB-277,PI549017,0,Landrace
USB-281,PI549040,1,Landrace
USB-284,PI561371,0,Landrace
USB-298,PI567307,0,Landrace
USB-303,PI567353,0,Landrace
USB-309,PI567415A,0,Landrace
USB-310,PI567416,0,Landrace
USB-312,PI567428,0,Landrace
USB-315,PI567488A,0,Landrace
USB-316,PI567489A,0,Landrace
USB-318,PI567532,0,Landrace
USB-319,PI567548,0,Landrace
USB-322,PI567675,0,Landrace
USB-323,PI567685,0,Landrace
USB-324,PI567698A,0,Landrace
USB-325,PI567726,1,Landrace
USB-326,PI567746,0,Landrace
USB-327,PI567780B,0,Landrace
USB-338,PI587588A,1,Landrace
USB-342,PI587804,0,Landrace
USB-345,PI592937,0,Landrace
USB-346,PI592940,0,Landrace
USB-366,PI602502B,0,Landrace
USB-367,PI602993,0,Landrace
USB-372,PI603397,0,Landrace
USB-376,PI603492,0,Landrace
USB-377,PI603494,0,Landrace
USB-381,PI603526,0,Landrace
USB-383,PI603555,0,Landrace
USB-385,PI603559,0,Landrace
SRR1533217,Yu_Shi_Dou,0,Landrace
USB-330,PI574477,0,Landrace
USB-060,FC31697,0,Landrace
USB-171,PI437127A,0,Landrace
SRR1533229,PI416971,0,Landrace
SRR1533231,PI548342,0,Landrace
SRR1533341,PI243541,0,Landrace
USB-017,PI507180,0,Landrace
USB-026,PI548364,0,Landrace
USB-055,PI209332,0,Landrace
USB-073,PI80837,0,Landrace
USB-097,PI94159-3,0,Landrace
USB-158,PI417479,0,Landrace
USB-162,PI423926,0,Landrace
USB-228,PI506933,0,Landrace
USB-234,PI507458,0,Landrace
USB-235,PI507467,0,Landrace
USB-238,PI507480,0,Landrace
USB-075,PI83881,0,Landrace
USB-368,PI603162,0,Landrace
USB-302,PI567352A,0,Landrace
HN007,PI424298,0,Landrace
HN023,PI424608A,1,Landrace
SRR1533214,PI339734,1,Landrace
USB-080,PI84946-2,0,Landrace
USB-085,PI86972-2,0,Landrace
USB-147,PI398965,0,Landrace
USB-207,PI438496C,0,Landrace
USB-287,PI561701,0,Landrace
SRR1533278,PI567189A,0,Landrace
HN075,PI567230,0,Landrace
SRR1533270,PI567298,0,Landrace
SRR1533285,PI587752,0,Landrace
SRR1533302,PI587848,0,Landrace
SRR1533314,PI588053A,0,Landrace
SRR1533326,PI594579,0,Landrace
USB-035,PI549018,1,Landrace
USB-036,PI549026,0,Landrace
USB-066,PI62203,0,Landrace
USB-072,PI71465,0,Landrace
USB-151,PI407742,0,Landrace
USB-279,PI549028,0,Landrace
USB-300,PI567343,0,Landrace
USB-301,PI567346,0,Landrace
USB-305,PI567383,0,Landrace
USB-306,PI567407,0,Landrace
USB-307,PI567408,0,Landrace
USB-314,PI567439,0,Landrace
USB-339,PI587588B,0,Landrace
USB-341,PI587712B,0,Landrace
USB-357,PI594880,0,Landrace
USB-378,PI603495B,0,Landrace
SRR1533287,Pei_Xian_Xiao_You_Dou,0,Landrace
SRR1533251,Hu_Pi_Dou,0,Landrace
USB-128,PI342434,1,Landrace
USB-153,PI416838,0,Landrace
USB-227,PI504288,1,Landrace
USB-285,PI561387,0,Landrace
USB-029,PI548452,0,Landrace
USB-127,PI324924,0,Landrace
SRR1533220,PI196166,0,Landrace
USB-076,PI83942,0,Landrace
USB-146,PI398633,0,Landrace
USB-163,PI424038B,0,Landrace
USB-143,PI379618,0,Landrace
USB-161,PI417581,0,Landrace
HN104,FC31721,0,Landrace
USB-395,PI628812,0,Landrace
SRR1533303,PI587666,0,Landrace
SRR1533315,PI594629,0,Landrace
SRR1533329,PI603516,1,Landrace
USB-090,PI89775,0,Landrace
USB-241,PI518727,0,Landrace
SRR1533247,Yi_Zheng_Da_Li_Huang_Dou,0,Landrace
USB-115,PI209333,0,Landrace
USB-232,PI507088,0,Landrace
USB-101,PI123440,0,Landrace
USB-043,PI578309,1,Landrace
SRR1533245,PI407801,1,Landrace
SRR1533286,PI424391,0,Landrace
USB-084,PI86904,0,Landrace
USB-098,PI95860,0,Landrace
USB-401,PI632650,0,Landrace
USB-204,PI438347,0,Landrace
USB-396,PI628913,0,Landrace
USB-398,PI628963,0,Landrace
SRR1533236,PI587552,0,Landrace
USB-108,PI165675,0,Landrace
USB-262,PI548473,0,Landrace
USB-308,PI567410B,0,Landrace
USB-362,PI597471A,1,Landrace
SRR1533311,Xiao_Huang_Dou,0,Landrace
SRR1533238,Da_Li_Huang,0,Landrace
SRR1533227,Qing_Dou,0,Landrace
USB-004,PI166105,1,Landrace
USB-107,PI165563,0,Landrace
USB-112,PI179935,0,Landrace
USB-226,PI497967,0,Landrace
USB-110,PI171451,0,Landrace
USB-230,PI507017,1,Landrace
USB-031,PI548490,0,Landrace
USB-248,PI542972,0,Landrace
USB-159,PI417500,0,Landrace
USB-028,PI548447,0,Landrace
USB-295,PI567231,0,Landrace
USB-388,PI603722,1,Landrace
USB-047,PI594307,0,Landrace
USB-154,PI417215,0,Landrace
USB-263,PI548474,0,Landrace
USB-106,PI159925,0,Landrace
USB-407,PI639570,0,Landrace
USB-343,PI587811A,0,Landrace
USB-264,PI548479,0,Landrace
SRR1533261,PI578457A,0,Landrace
USB-409,PI322692,0,Landrace
USB-296,PI567238,1,Landrace
SRR1533282,PI323576,1,Landrace
USB-015,PI497964A,0,Landrace
USB-290,PI567074B,0,Landrace
SRR1533298,PI423967,0,Landrace
USB-120,PI261272C,1,Landrace
USB-136,PI374207,1,Landrace
USB-224,PI497953,1,Landrace
USB-121,PI274453,1,Landrace
USB-006,PI240664,0,Landrace
