Accesion,GRIN_Accesion,WT/MUT
G01,,0
G02,,0
G03,,0
G04,,0
G05,,0
G06,,0
G09,,0
G10,,0
G11,,0
G12,,0
G13,,0
G14,,0
G15,,0
G16,,0
HN002,,0
HN003,,1
HN015,,1
HN019,,1
HN021,,0
HN029,,0
HN051,,1
HN055,,0
HN077,,1
HN080,,0
HN097,,1
KB1-54,,0
KB1001,,0
KB1002,,0
KB1003,,0
KB1004,,0
KB1005,,0
KB1006,,0
KB1007,,0
KB1008,,0
KB1009,,0
KB1010,,0
KB1011,,0
KB1012,,0
KB2-15,,0
KB3-23,,0
KB4-56,,1
KB5-68,,0
KB6-64,,0
KB7-65,,0
NDseq21-1,,0
NDseq21-13,,0
NDseq21-15,,0
NDseq21-16,,1
NDseq21-17,,0
NDseq21-20,,0
NDseq21-22,,0
NDseq21-23,,0
NDseq21-24,,0
NDseq21-25,,1
NDseq21-26,,0
NDseq21-27,,0
NDseq21-29,,0
NDseq21-30,,1
NDseq21-4,,0
NDseq21-5,,0
NDseq21-9,,1
Oleic1,,0
Oleic10,,0
Oleic11,,0
Oleic12,,0
Oleic13,,0
Oleic14,,0
Oleic16,,0
Oleic17,,0
Oleic18,,0
Oleic19,,0
Oleic2,,0
Oleic20,,0
Oleic23,,0
Oleic24,,0
Oleic3,,0
Oleic4,,0
Oleic5,,0
Oleic6,,0
Oleic7,,0
Oleic8,,0
SJ-25,,1
SJ-35,,1
sort_KB-1,,0
sort_KB-2,,0
sort_KB-3,,0
SRR1533215,,1
SRR1533255,,0
SRR1533258,,0
SRR1533280,,0
SRR1533294,,0
SRR1533316,,0
SRR1533379,,0
SRR1533434,,0
SRR4453476,,0
SRR4453817,,0
SRR8146042,,1
SRR8146142,,0
SRR8148298,,0
SRR8148301,,0
SRR8148303,,1
SRR8148314,,0
SRR8148315,,0
SRR8148958,,0
SRR8148974,,0
SRR8154007,,0
SRR8154649,,0
USB-092,,0
USB-266,,0
xtra1,,0
xtra2,,0
xtra3,,0
xtra4,,0
xtra5,,0
CRR107852,Zhou_96_(21)_227,0
CRR107970,Sui_Nong_14-3,0
CRR108834,Century_Lx13,1
USB-002,FC33243,0
CRR108616,PI591547-1,0
CRR108633,PI561405,0
CRR108824,PI548581,0
CRR108703,WL82,0
CRR108708,PI533657,0
CRR108723,PI591541-1,0
SRR1533432,PI634883,0
CRR108821,NE3001,0
CRR108772,PI546374,0
CRR108864,PI546375,0
SRR1533365,PI548638,0
SRR1533389,PI548643,0
SRR1533429,PI548593,0
SRR1533360,PI591433,0
SRR1533426,PI508083,0
CRR108753,PI548501,0
CRR108754,PI583365,0
CRR108755,PI542403,0
CRR108757,PI542769,1
USB-045,PI592523,0
USB-270,PI548582,0
SRR1533381,PI591435,0
USB-269,PI548572,0
USB-328,PI567782,0
CRR108701,PI540554,0
CRR108736,PI548551,0
CRR108737,PI548618,0
CRR108738,PI548524,0
CRR108752,PI542042,0
USB-033,PI548561,0
CRR108784,PI548509,0
HN070,PI548511,0
SRR1533371,PI548540,0
SRR1533384,PI548512,0
CRR108685,PI548569,0
CRR108692,PI542045,0
CRR108696,PI518676,0
SRR1533427,PI591541,0
CRR108733,PI548507,0
CRR108739,PI539861,0
CRR108742,PI548690,0
CRR108747,PI537094,0
USB-032,PI548520,0
USB-265,PI548521,0
CRR108771,PI540552,0
HN065,PI542044,0
SRR1533351,PI548634,0
SRR1533423,PI536635,0
USB-282,PI556511,0
CRR108712,PI548632,0
CRR108714,PI542046,1
HN087,PI591539,0
CRR108741,PI548543,0
CRR108745,PI548587,0
CRR108790,IA3023,0
HN030,PI598124,0
CRR108767,PI583837,0
CRR108770,PI540551,0
USB-059,FC29333,0
HN101,PI658519,0
CRR108776,PI543856,0
SRR1533387,PI515961,0
SRR1533417,PI548604,0
CRR108686,PI548314,0
CRR108728,PI572240,0
HN099,PI639740,0
SRR1533348,PI591495,0
USB-271,PI548619,0
USB-038,PI559932,0
USB-272,PI548633,0
CRR108761,PI543793,0
CRR108763,PI518663,0
CRR108765,PI543794,0
HN013,S05-11482,0
HN027,S10-11227,0
HN102,S07-5049,0
USB-018,PI518668,0
CRR108783,PI548392,1
USB-400,PI632418,0
USB-274,PI548696,0
CRR108759,PI548655,0
CRR108781,PI518664,0
HN103,V71-370,0
SRR1533419,PI533602,0
SRR1533441,PI548985,1
USB-001,PI548656,0
USB-276,PI548978,0
CRR108680,PI548660,0
USB-411,PI567788,0
HN100,PI647086,0
CRR108785,8801,0
CRR108786,H-Dt2_E5,0
CRR108787,0001-14-1,0
CRR108788,0912,0
CRR108789,0919,0
CRR108793,22p-17,0
CRR108794,96150,0
CRR108795,ZK166,0
CRR108796,Feng_8-3,0
CRR108797,7041,0
CRR108799,34371,0
CRR108801,2015,0
CRR108802,Prang,0
CRR108803,2635,0
CRR108805,Grimpo,0
CRR108807,34374,0
CRR108808,ZK164,0
CRR108809,26_P-22,0
CRR108810,24_P-16,0
CRR108811,0001-19-11,0
CRR108813,97-126,0
CRR108814,KJ10-268,0
CRR108815,71423,0
CRR108817,99-180,0
CRR108818,Magnolid,0
CRR108819,8101,0
CRR108820,23P-1,0
CRR108823,25p-24,0
CRR108825,PI632662,1
CRR108827,HK-13,0
CRR108828,26_P-23,0
CRR108829,B602,0
CRR108830,85140,0
CRR108832,Nova,0
CRR108833,24_P-17,0
CRR108835,698-4,0
CRR108837,24_P-4,0
CRR108838,24_P-26,0
CRR108839,219-1-1,0
CRR108840,Boige_Du_Lot_Et_Geronne,1
CRR108841,Lna,0
CRR108842,BR121,0
CRR108843,unknown_-1,1
CRR108845,He_Er_Song_No.2,0
CRR108847,219-1-2,0
CRR108848,Fas-2_From_Karen_Pudue,0
CRR108850,Su165,0
CRR108851,805,0
CRR108852,K08-32,0
CRR108853,Payette,0
CRR108855,Mattawa,0
CRR108858,8588,1
CRR108859,Frankin,0
CRR108860,K07-58,0
CRR108861,N66,1
CRR108862,34677,0
CRR108863,Mattosan,0
CRR108865,23_P-12,0
CRR108866,K02-17,0
CRR108870,Farrer,0
CRR108871,99-180y-92,0
CRR108872,OS2-1-4,0
CRR108875,0001-19-2-1,0
CRR108876,E215,0
CRR108877,K14-2,0
CRR108878,K02-31,0
CRR108879,K112-1,0
CRR108880,N68,1
CRR108883,2496163,0
CRR108884,K07sp-1,0
CRR108885,K08-35,0
CRR108886,K04-13,0
CRR108887,K06-42,0
CRR108889,B419,0
CRR108890,K07-116,0
CRR108892,GY9112,0
CRR108893,K08-1-6,0
CRR108897,25_P-11,0
CRR108898,Ihb-5,0
CRR108900,K9103,0
CRR108901,K06-47,0
CRR108903,K05-126,0
CRR108904,K9110-2,0
CRR108905,K070-2,0
CRR108907,K06-28,0
CRR108908,K07-126,0
CRR108909,97-128,0
CRR108910,K115-1,0
CRR108911,B207,0
CRR108912,KF34-1,0
CRR108914,K9452,0
CRR108916,K05-36,0
CRR108917,SP0601-0-11,0
CRR108918,K9304,0
CRR108919,K05-7,0
CRR107566,Ba_Xi_No.9,0
CRR107567,Ba_Xi_-13,0
CRR107568,PI548646,0
CRR107570,Maple_Amber,0
CRR107571,Maple_Ridge,0
CRR107573,Maple_Arrow,0
CRR107574,PI567787,1
CRR107576,You_96-3,0
CRR107577,Xin_Tao_He_Dou,0
CRR107578,You_0776,0
CRR107579,Li_Di_Dou_No.1_-2,0
CRR107580,Xi_Xuan_No.19,0
CRR107581,Zhi_Jin_San_Jia_Huang_Dou,0
CRR107583,You_9632,0
CRR107584,Bian_Jing_Dou,0
CRR107585,Yi_Ning_San_Jing_Huang_Dou,1
CRR107586,Wan_Dou_No.2,0
CRR107587,Yang_Chun_Xiao_Li,1
CRR107588,Bian_Jing_Dou_No.3,0
CRR107589,Mi_No.95,0
CRR107590,SN_Zao_Huang_No.4,0
CRR107591,Ke_S1043,0
CRR107592,Dou_Guan_No.1,0
CRR107593,Shi_Pin_No.735,0
CRR107594,Ye_Xuan_No.157,0
CRR107598,Qing_Yuan_Xiao_Qing_Dou,0
CRR107599,Jin_Yuan__-1,0
CRR107600,SN_Zao_Huang_No.2,0
CRR107601,Bi_Dou_No.2,0
CRR107602,PI612754,0
CRR107603,Zhuan_Da_Dou_No.1,0
CRR107604,Zhong_Nong_Shi_-1,0
CRR107605,Da_Bei_Nong,0
CRR107606,Jian_No.31,0
CRR107607,Tu_Mo_Shi_Dou,1
CRR107608,11_Nian_Sou_Ji_-1,0
CRR107609,Bian_Jing_-1,0
CRR107610,Xi_Huang_Dou_-9,0
CRR107611,09_Nian_Sou_Ji_-1,0
CRR107612,Bian_Jing_-2,0
CRR107614,Jin_Yuan_No.1,0
CRR107615,Peking_Mt_Strain,1
CRR107616,Hai_No.6088,0
CRR107617,Wan_Dou_No.32,0
CRR107618,Wan_Dou_No.15_-1,0
CRR107619,Chu_Dou_No.1,0
CRR107620,Wan_Dou_No.14,0
CRR107621,Wan_Dou_No.35,0
CRR107622,Wo_Dou_No.5,0
CRR107623,Wan_Xiu_2156,0
CRR107624,Wan_Xiu_5717,0
CRR107625,Wan_Dou_No.31,0
CRR107626,Wan_Dou_No.21_-1,0
CRR107627,Fei_Dong_Huang_Da_Dou,0
CRR107633,Wan_Dou_No.21_-2,0
CRR107635,Bu_9277_A,0
CRR107638,Bu_97211-76,0
CRR107642,Wan_Dou_No.15_-2,0
CRR107643,Wan_Dou_21116,0
CRR107645,Wan_20001,0
CRR107646,Fu_Dou_No.16,0
CRR107647,Zhong_Dou_No.43_-1,0
CRR107648,Zhong_Dou_No.8,0
CRR107649,Ke_Feng_No.28,0
CRR107650,Zhong_Dou_No.29_-2,0
CRR107651,Zhong_Dou_No.40,0
CRR107652,Zhong_Huang_No.74,0
CRR107653,Zhong_Dou_No.30,0
CRR107654,Zhong_Dou_No.32,0
CRR107655,Zhong_Huang_No.70,0
CRR107656,Zhong_Dou_No.41,0
CRR107657,Zhong_Huang_No.51,0
CRR107658,Jing_Huang_No.1,0
CRR107659,Ke_Feng_No.34,0
CRR107660,Ke_Feng_No.36,0
CRR107661,Zao_Shu_No.15,0
CRR107663,Zhong_Dou_No.39,0
CRR107664,Tian_Long_No.1_-2,0
CRR107665,Zhong_Dou_No.29_-1,0
CRR107666,Ke_Feng_No.37,0
CRR107667,Zhong_Huang_No.79_-1,0
CRR107668,Tian_Long_No.1_-1,0
CRR107669,Zhong_Huang_No.22_-1,0
CRR107670,Ke_Xin_No.5,0
CRR107671,Zhong_Ye_No.2_-1,0
CRR107672,Tian_Long_No.2__-1,0
CRR107673,Zhong_Zuo_No.015,0
CRR107674,Zhong_Huang_No.29,0
CRR107675,Zhong_Huang_No.7,0
CRR107676,Zhong_Zuo_J8012,0
CRR107677,You_Bian_No.31,0
CRR107678,Yan_Qing_Yin,0
CRR107679,Zhong_Zuo_J9331,0
CRR107680,Ke_Feng_No.17,0
CRR107681,Zhong_Huang_No.42,0
CRR107682,Zhong_Huang_No.64,0
CRR107683,Zhong_Huang_No.37,0
CRR107684,Ke_Dou_No.7,0
CRR107685,Zhong_Dou_No.27_-2,0
CRR107686,Zao_Shu_No.1,0
CRR107687,Zhong_Huang_No.18_-2,0
CRR107689,Zhong_Huang_No.47,0
CRR107690,Zhong_Huang_No.56,0
CRR107691,Zhong_Huang_No.57,0
CRR107692,Zhong_Huang_No.63,0
CRR107694,Zhong_Zuo_No.983,0
CRR107695,Zhong_Ke_1299,0
CRR107697,Zhong_Huang_No.62,0
CRR107699,Zhong_Dou_No.5,0
CRR107700,Zhong_Huang_No.59,0
CRR107701,Zhong_Huang_No.46,0
CRR107702,Zhong_Huang_No.26,0
CRR107703,Zhong_Huang_No.68,0
CRR107704,Zhong_Zuo_969512,0
CRR107705,Ke_Xi_302113,0
CRR107706,Zhong_Huang_No.21,0
CRR107707,Zhong_Huang_No.60,0
CRR107708,Zhong_Zuo_No.105,0
CRR107709,Jing_No.283,0
CRR107710,Zhong_Huang_No.33,0
CRR107711,Zhong_Huang_No.75,0
CRR107712,Ke_Xi_Xuan_No.19,0
CRR107714,Zhong_Huang_No.23,0
CRR107715,Zhong_Huang_No.27,0
CRR107716,Zhong_Huang_No.54,0
CRR107717,Ke_Yu_No.75,0
CRR107720,Zhong_Pin_95-5383,0
CRR107721,Zhong_Zuo_916014,0
CRR107724,Ke_Xin_No.7,0
CRR107729,Zhong_Zuo_96-954,0
CRR107733,Zhong_Pin_No.662,0
CRR107735,Zhong_Huang_No.16,0
CRR107739,Zhong_Dou_No.28,0
CRR107742,Zhong_Huang_No.79_-2,0
CRR107746,Zhong_Huang_No.22_-2,0
SRR1533359,Zhong_Huang_No_14,0
SRR1533382,Zhong_Huang_No_50,0
SRR1533445,Zhong_Huang_No_31,0
CRR108610,Feng_Dou_Zao_Hei_Dou,0
CRR107748,Quan_Dou_No.937,0
CRR107749,Fu_Dou_No.310,0
CRR107751,Quan_Bian_No.11,0
CRR107753,Long_Huang_No.2,0
CRR107755,Hua_Xia_No.3_-1,0
CRR107756,Hua_Chun_No.1,0
CRR107757,Hua_Chun_No.6,0
CRR107761,Hua_Chun_No.5,0
CRR107762,Hua_Xia_No.5,0
CRR107763,Hua_Xia_No.1,0
CRR107767,Hua_Chun_No.2,0
CRR107768,Gui_Chun_No.8_-2,0
CRR107769,Gui_Zao_No.2,0
CRR107770,Gui_Chun_No.10,0
CRR107771,Gui_Chun_No.11,0
CRR107772,Gui_Chun_No.2_-1,0
CRR107773,Liu_Dou_No.3,0
CRR107774,Quan_Zhou_Shi_Tang_Wu_Yue,0
CRR107775,Gui_Chun_No.3,0
CRR107776,Gui_Chun_No.4,0
CRR107779,Gui_Xia_No.5,0
CRR107780,Gui_Xia_No.3,0
CRR107781,Gui_Xia_No.1,0
SRR1533361,Gui_Chun_No_8,0
CRR107782,Qian_Dou_No.2,0
CRR107783,An_Shun_Bai_Jiao_Dou,0
CRR107784,Qian_Dou_No.10,0
CRR107785,Ji_Dou_No.6,0
CRR107786,Shi_H013,0
CRR107787,Nong_Da_Dou_No.2,0
CRR107788,Cang_Dou_No.9,0
CRR107789,Shi_Dou_No.8__-1,0
CRR107791,Han_Dou_No.5_*,0
CRR107792,Cang_Dou_No.4,0
CRR107794,Bao_Dou_No.3,0
CRR107795,Ji_Dou_No.22,0
CRR107796,Zhong_Huang_No.69,0
CRR107797,Yi_Dou_No.2,0
CRR107799,Cang_Dou_No.6,0
CRR107800,Han_No.605,0
CRR107801,Han_803352,0
CRR107802,Ji_5421,0
CRR107803,Shi_Dou_No.4__-1,0
CRR107806,Ji_Wu_Xing_No.1,0
CRR107807,Ji_Dou_No.9_-3_L-2,0
CRR107808,"Ji_Dou_12-2,3",1
CRR107809,Zhong_Hei_Dou_No.42,0
CRR107810,Zhong_Dou_No.43_-2,0
CRR107811,Shi_Dou_No.8__-2,0
CRR107813,Shi_Dou_No.4__-2,0
CRR107814,Ji_Dou_No.17_-2,0
CRR107815,Han_Dou_No.5_-2,0
CRR107818,Cang_Dou_No.10_-2,0
CRR107819,NS_1260,0
CRR107820,Zheng_91107,0
CRR107822,Zhou_01772,0
CRR107823,Shang_951099,0
CRR107824,Yu_Dou_No.27,0
CRR107825,Ping_Dou_No.1,0
CRR107826,Shang_09401,0
CRR107827,Shang_Dou_No.15,0
CRR107828,Yu_Dou_No.16_-2,0
CRR107829,Zheng_Zhang_Jiao_No.14,0
CRR107830,Zheng_92116,0
CRR107831,Zheng_4066,0
CRR107832,Yu_Dou_No.5,0
CRR107833,Zheng_No.100,0
CRR107834,Zhou_0496,0
CRR107835,Yu_Dou_No.16_-1,0
CRR107836,Zheng_Dou_No.30,0
CRR107837,Yu_Dou_No.6,0
CRR107839,Yu_Dou_No.3,0
CRR107842,Zhou_022121,0
CRR107846,Yu_Dou_No.26,0
CRR107847,Zheng_99048,0
CRR107848,Yu_Dou_No.13,0
CRR107850,Zheng_581320,0
CRR107851,Yu_Dou_No.1,0
CRR107854,Zheng_Jiao_No.107,0
CRR107855,Yu_Dou_No.29,0
CRR107856,Zhou_Dou_No.16,0
CRR107858,Qin_Jian_No.6,0
CRR107859,Zheng_8516,0
CRR107864,Zheng_No.133,0
CRR107865,Zheng_3074,0
CRR107866,Zhou_01771,0
CRR107867,Yu_Dou_No.23,0
CRR107869,Pu_Hai_No.10__-2,0
CRR107874,Zhou_Li_No.2,0
CRR107876,Zheng_92116-6,0
CRR107878,Zheng_02060-0-7-2,0
CRR107882,Zhu_Dou_No.19,0
CRR107883,Zhou_Dou_No.23,0
CRR107884,Zheng_No.196_-2,0
CRR107885,Shang_Dou_1310,0
CRR107886,Pu_Dou_857,0
SRR1533421,Cang_Dou-11,0
CRR107887,Sui_Nong_No.15,0
CRR107888,Sui_Nong_No.8,1
CRR107889,Kang_Xian_No.2,0
CRR107890,Dong_Nong_No.42,0
CRR107891,Sui_Nong_No.20,0
CRR107892,Xiao_Li_Dou_No.9,0
CRR107893,Nen_Feng_No.15,0
CRR107894,He_Feng_No.39,0
CRR107895,Hei_He_No.27,0
CRR107896,He_Feng_No.43,0
CRR107897,He_Feng_No.40,0
CRR107898,He_Feng_No.45,0
CRR107899,He_Feng_No.55,0
CRR107900,Dong_Nong_No.48,0
CRR107901,He_Feng_No.29,0
CRR107902,Hei_He_No.43__*,0
CRR107903,Dong_Nong_No.53,0
CRR107904,Ken_Feng_No.23,0
CRR107905,Hei_Nong_No.33,0
CRR107906,Ken_Feng_No.11,0
CRR107907,Feng_Shou_No.2,0
CRR107908,Bei_Dou_No.49,0
CRR107909,Feng_Shou_No.17,0
CRR107910,Dong_Nong_No.49,0
CRR107911,Hei_Nong_No.63,0
CRR107913,He_Feng_No.50,0
CRR107914,Hei_He_No.18,0
CRR107915,Sui_Nong_No.4,0
CRR107916,Ken_Feng_No.7,0
CRR107917,Ken_Feng_No.9,0
CRR107919,Nen_Feng_No.18,0
CRR107920,Hei_He_No.7,0
CRR107923,Hei_He_No.8,0
CRR107924,Feng_Shou_No.9,0
CRR107926,Ken_Feng_No.16_-2,0
CRR107927,Ken_Feng_No.5,0
CRR107929,Hei_Nong_No.35,0
CRR107930,He_Feng_No.38,0
CRR107931,Tie_Feng_No.18_*,0
CRR107932,Feng_Shou_No.12,1
CRR107933,Ke_Jiao_112023,0
CRR107934,Sui_Nong_No.21,0
CRR107935,Sui_Nong_No.28,0
CRR107936,He_Feng_No.34,0
CRR107937,Feng_Shou_No.6,0
CRR107938,Hei_He_No.19,0
CRR107939,Hei_Nong_No.43,0
CRR107940,Bei_Dou_No.12,0
CRR107942,Bei_Dou_No.17,0
CRR107943,He_Dou_No.3,0
CRR107944,Hei_He_No.24,0
CRR107945,Sui_Nong_No.1_-1,0
CRR107946,Sui_Fu_095016,0
CRR107947,Dong_Nong_L202,0
CRR107948,He_Dou_No.2,0
CRR107949,Bei_Dou_No.34,0
CRR107950,Hei_Nong_No.37_-2,0
CRR107951,Bei_Feng_No.11,0
CRR107952,Hei_He_No.30,0
CRR107953,Sui_Nong_No.26,0
CRR107954,Ken_Feng_No.16_-1,0
CRR107955,Hei_He_No.47,0
CRR107956,Kang_Xian_No.4,0
CRR107957,Hei_Jiao_092400,0
CRR107958,Ken_Dou_No.32,0
CRR107960,Jiu_Feng_No.1,0
CRR107961,Hei_Nong_No.61,0
CRR107962,Hei_He_No.14,0
CRR107963,Feng_Shou_No.16,0
CRR107965,He_Feng_No.37,0
CRR107967,Hei_He_No.31,0
CRR107968,Bei_Dou_No.5,0
CRR107969,Ken_Feng_No.13,0
CRR107971,He_Hang_2010239,0
CRR107972,Ken_Dou_No.26,0
CRR107973,He_Feng_No.24,0
CRR107974,Bei_Dou_No.26,0
CRR107975,Bei_Dou_No.38,0
CRR107976,Ken_Dou_No.31,0
CRR107977,Feng_Shou_No.13,0
CRR107978,PI597440B,0
CRR107979,Hei_He_No.39,0
CRR107980,He_Feng_No.23,0
CRR107981,Hei_He_No.26,0
CRR107982,Ken_Dou_No.28,0
CRR107983,Hei_He_No.45,0
CRR107984,He_Feng_No.36,0
CRR107985,He_Jiao_11188,0
CRR107986,Bei_Dou_No.40,0
CRR107987,Sui_Nong_No.23,0
CRR107988,Bei_Dou_No.6,0
CRR107989,He_Jiao_11881,0
CRR107990,Sui_093690,0
CRR107991,Ke_Jiao_10268,0
CRR107992,Feng_Shou_No.15,1
CRR107993,Dong_Nong_No.54,0
CRR107994,Hei_Nong_No.54,0
CRR107995,He_Feng_No.44,0
CRR107997,Ha_89015,0
CRR107998,He_Feng_No.47,0
CRR107999,Jin_Yuan_No.55_-1,0
CRR108000,Hui_Nong_0810,0
CRR108001,Hei_He_No.12,0
CRR108002,Hei_He_No.15,0
CRR108003,Bei_Dou_No.30,0
CRR108004,Sui_02339,0
CRR108005,Ke_Jiao_091724,0
CRR108006,Bei_Feng_No.8,0
CRR108007,Hei_He_No.9,0
CRR108009,Sui_093577,0
CRR108011,Hei_He_No.28,0
CRR108013,Hei_He_No.10,0
CRR108014,Hei_Nong_No.46,0
CRR108015,He_N12-834,0
CRR108016,Hei_He_No.53,0
CRR108019,Hei_He_No.52,0
CRR108020,Dong_Nong_No.4,1
CRR108021,Hei_He_No.49,0
CRR108022,Bei_Feng_No.9,0
CRR108023,Bei_Dou_No.42,0
CRR108024,Hei_Nong_No.65_-1,0
CRR108026,Bei_Feng_No.14,0
CRR108027,Dong_Nong_1125,1
CRR108028,Sui_Nong_No.18,0
CRR108029,Hei_Nong_No.45,0
CRR108030,Hei_He_No.5,1
CRR108031,Bei_Dou_No.54,0
CRR108032,Hei_Long_Jiang_No.41_-1,0
CRR108033,Ha_96016,0
CRR108034,Ke_Jiao_11-1124,0
CRR108035,Feng_Shou_No.5,1
CRR108036,Hei_He_No.51,0
CRR108037,Ke_Shan_No.1_*,0
CRR108038,Hei_He_No.41,0
CRR108039,Ken_Feng_No.17,0
CRR108040,Hei_Nong_No.53,0
CRR108041,Feng_Shou_No.19,1
CRR108043,Sui_Nong_No.24,0
CRR108045,Hei_He_No.40,0
CRR108046,Sui_Nong_No.19,0
CRR108048,Ken_Feng_No.12,0
CRR108049,Dong_Nong_No.56,0
CRR108051,Bei_Dou_No.35,0
CRR108052,Sui_Nong_No.12,0
CRR108053,Hei_Nong_No.56,0
CRR108054,Dong_Nong_No.55,0
CRR108056,Ha_No.969,0
CRR108057,Ken_Dou_No.34,0
CRR108058,Ha_91016_-1,0
CRR108059,Jiu_Feng_No.6,0
CRR108060,Jiu_Nong_No.24,0
CRR108061,Bei_Dou_No.24,0
CRR108062,Bei_Dou_No.23,0
CRR108063,Hei_He_No.20,0
CRR108064,Hei_He_No.17,0
CRR108065,He_0201667,0
CRR108066,Hei_He_No.13,0
CRR108067,Bei_Dou_No.19,0
CRR108069,Dong_Nong_0112,0
CRR108070,He_Feng_No.42,0
CRR108071,PI597440C,0
CRR108072,Hei_He_No.32,0
CRR108074,Ken_Jian_No.28,0
CRR108075,Hei_He_No.16,0
CRR108076,Ke_Jiao_09333,0
CRR108077,Ke_12-1050,0
CRR108079,He_Jiao_2010651,0
CRR108080,Ken_Feng_No.22,0
CRR108083,Dong_Nong_No.61,0
CRR108084,Hei_Nong_No.66,0
CRR108086,Feng_Shou_No.20,0
CRR108087,Hei_He_No.23,0
CRR108088,Ken_Dou_No.36,0
CRR108089,Bei_Dou_No.46,0
CRR108090,Hei_He_No.50,0
CRR108091,Hei_Nong_No.62,0
CRR108092,Dong_Nong_9602,0
CRR108093,Bei_Dou_No.53,0
CRR108095,Sui_Nong_No.5,0
CRR108096,He_Hang_2010376,0
CRR108097,Bei_Dou_No.52,0
CRR108100,Ha_No.963,0
CRR108101,Jiu_Nong_No.26,0
CRR108102,Feng_Shou_No.7,1
CRR108105,Feng_Shou_No.26,0
CRR108107,Jiu_Feng_No.3,0
CRR108108,Nen_Feng_No.12,0
CRR108109,Sui_Nong_No.3,0
CRR108111,He_0023,0
CRR108112,Hei_He_No.48,0
CRR108113,Hei_Nong_No.67,0
CRR108114,Nen_Feng_No.17,0
CRR108116,Dong_Nong_No.57,0
CRR108117,Jiu_Feng_No.10,0
CRR108118,Hei_He_No.44,0
CRR108119,Hei_Jiao_091553,0
CRR108124,Jiu_Feng_No.7,0
CRR108125,Dong_Da_No.1,0
CRR108127,Ha_9854041,0
CRR108131,Sui_Nong_No.17,0
CRR108132,Hei_He_No.11,1
CRR108135,Hei_Nong_No.37_-1,0
CRR108136,Feng_Shou_No.14,1
CRR108140,Feng_Shou_No.24_-1,0
CRR108144,PI548340,0
CRR108148,Long_Pin_03-311,1
CRR108149,Hei_Long_Jiang_No.41_-2,0
CRR108151,Hei_Nong_No.50_-1,1
CRR108163,Bei_Feng_No.3,1
CRR108167,Dong_Nong_01-1234,0
CRR108170,He_Feng_No.33,0
CRR108172,Nen_Feng_No.4,0
CRR108173,Dong_Da_No.2,0
CRR108175,Hei_Nong_No.30,0
CRR108176,Sui_Nong_No.31,0
CRR108177,Mu_Feng_No.1_-3,0
CRR108186,Hei_Nong_No.23,1
CRR108188,Dong_Nong_No.33,0
CRR108197,Sui_Nong_No.44,0
CRR108200,Nen_Ao_No.5,0
CRR108201,Ken_Nong_No.31,0
CRR108202,Ken_Feng_No.16,0
CRR108203,Ken_Dou_No.65,0
CRR108204,Ken_Dou_No.43,0
CRR108205,Ken_Dou_No.40,0
CRR108206,Ken_Dou_No.39,0
CRR108208,Jin_Yuan_No.55_-2,0
CRR108209,Hei_Nong_No.83,0
CRR108210,Hei_Nong_No.75,0
CRR108212,Hei_Nong_No.70,0
CRR108213,Hei_Nong_No.65_-2,0
CRR108214,Hei_Nong_No.55,0
CRR108215,Hei_He_No.43_-2,0
CRR108216,He_Nong_No.97,0
CRR108218,He_Nong_No.75,0
CRR108219,He_Nong_No.71,0
CRR108220,He_Nong_No.70,0
CRR108221,Dong_Sheng_No.7_-2,0
CRR108222,Dong_Sheng_No.6,0
CRR108223,Dong_Sheng_No.53,0
CRR108224,Dong_Sheng_No.52,0
CRR108225,Dong_Sheng_No.50,0
CRR108226,Dong_Sheng_No.48,0
CRR108228,Dong_Sheng_No.45,0
CRR108229,Dong_Sheng_No.44,0
CRR108230,Dong_Sheng_No.42,0
CRR108231,Dong_Sheng_No.41,0
CRR108232,Dong_Sheng_No.40,0
CRR108233,Dong_Sheng_No.39,0
CRR108234,Dong_Sheng_No.38,0
CRR108236,Dong_Sheng_No.36,0
CRR108237,Dong_Sheng_No.35,0
CRR108238,Dong_Sheng_No.34,0
CRR108239,Dong_Sheng_No.33,0
CRR108240,Dong_Sheng_No.29,0
CRR108241,Dong_Sheng_No.27,0
CRR108242,Dong_Sheng_No.2,0
CRR108243,Dong_Sheng_No.17,0
CRR108244,Dong_Sheng_No.16,0
CRR108245,Dong_Sheng_No.1_-3,0
SRR1533354,Su_Nong_No_25,0
SRR1533363,Dong_Nong_No_26,0
SRR1533377,He_Feng_No_25,0
SRR1533397,Hei_Nong_No_51,0
SRR1533443,Su_Nong_No_14,0
CRR108246,Gong_An_You_Zai_Dou,1
CRR108247,Hu_Bei_Ai_Jiao_Dou,0
CRR108248,Tong_Shan_Huang_Dou,0
CRR108249,Tian_Long_No.1,0
CRR108251,Xiang_Chun_Dou_No.18,0
CRR108252,Xiang_Chun_Dou_No.23,0
CRR108253,Ji_Lin_No.20,0
CRR108254,Ji_Yu_No.84,0
CRR108257,Zhang_Nong_No.15,0
CRR108258,Zi_Hua_Dou,1
CRR108259,Ji_Yu_No.69,0
CRR108260,Ji_Yu_No.50,0
CRR108261,Ji_Mi_Dou_No.1,0
CRR108263,Ji_Lin_No.41,0
CRR108264,Ji_Nong_No.21,0
CRR108265,Ji_Yu_No.57,0
CRR108267,Ji_Yu_No.55,0
CRR108269,Jiu_Nong_No.29,0
CRR108270,Ji_Lin_No.36,0
CRR108271,Jiu_Nong_No.25,0
CRR108272,Gong_Jiao_2003327,0
CRR108273,Ji_Lin_No.43_-2,0
CRR108274,Ji_No.94,0
CRR108275,Ji_Yu_No.68,0
CRR108276,Ji_Lin_Xiao_Li_Dou,0
CRR108277,Jiu_Nong_No.31,0
CRR108278,Ji_Lin_No.38,0
CRR108279,Ji_Yu_No.52,0
CRR108280,Ji_Yu_No.71,0
CRR108281,Ji_Ke_Dou_No.5,0
CRR108282,Ji_Nong_No.22,0
CRR108283,Ji_Dou_No.7__-1,0
CRR108284,Ji_Yu_No.77,0
CRR108285,Ji_Lin_No.27,0
CRR108286,Ji_Lin_No.30,0
CRR108287,Jiu_Nong_No.22,0
CRR108289,Ji_Yu_No.31,0
CRR108290,Ji_Lin_Xiao_Li_No.4,0
CRR108291,Ji_Yu_No.64_-1,0
CRR108294,Ji_Yu_No.67,0
CRR108297,Ji_Lin_Xiao_Li_No.1,0
CRR108305,Gong_Ye_03-5570,0
CRR108306,Gong_Ye_03-7239,0
CRR108309,Ji_Lin_No.39_-2,0
CRR108311,Gong_Ye_04-L15,0
CRR108314,Gong_Ye_04_L-141,0
CRR108315,Za_Jiao_Dou_No.1,0
CRR108319,Ji_Lin_Cha_Li_Hua,0
CRR108321,Ji_Yu_No.72,0
CRR108323,Ji_Nong_No.45,0
CRR108324,Ji_Nong_No.44,0
CRR108326,Ji_Nong_No.41,0
CRR108327,Chang_Nong_No.39,0
CRR108328,Chang_Nong_No.26,0
CRR108329,Chang_Nong_No.16,0
CRR108330,Huai_Dou_No.3,0
CRR108331,Nan_Nong_No.701,0
CRR108332,Nan_Nong_No.28,0
CRR108333,Su_6-77,0
CRR108335,Xu_Dou_No.20,0
CRR108336,Xu_Dou_No.15_-2,0
CRR108337,Sui_Ke_No.8,0
CRR108338,Nan_Nong_No.32,0
CRR108340,Su_Xie_No.1,0
CRR108341,Xu_Dou_9313,0
CRR108342,Xu_94166_B,0
CRR108343,Sui_Ke_No.9,0
CRR108344,Sui_Ke_No.15,0
CRR108345,Xu_Dou_No.1_*,0
CRR108346,Nan_Nong_No.31,0
CRR108348,Nan_Nong_1606,0
CRR108349,Xu_Dou_No.18_-2,0
CRR108350,Dong_Xin_No.2,0
CRR108351,Huai_Dou_No.12,0
CRR108352,Si_Yang_No.288,0
CRR108354,Nan_Nong_No.34,0
CRR108355,Nan_Nong_8929,0
CRR108356,Nan_Nong_No.12,0
CRR108357,Xu_Dou_No.3,0
CRR108358,Jin_Tan_Ni_Dou_No.3,0
CRR108359,Xu_Dou_No.18_-1,0
CRR108360,Ru_Dong_Wan_Lv_Huang,0
CRR108362,Xu_0901,0
CRR108363,Tai_Xing_Hei_Dou_-1,0
CRR108364,Nan_Nong_No.415_-1,0
CRR108365,Zhen_Jiang_Huang_Dou,0
CRR108367,77-391-1,0
CRR108368,Huai_Ke_No.12,0
CRR108369,Yi_Xing_Qing_Huang_Dou,0
CRR108370,Xu_Dou_No.21,0
CRR108371,Tong_Dou_No.3,0
CRR108372,Tong_1602,0
CRR108374,Nan_Nong_No.41,0
CRR108376,Huai_Dou_No.10,0
CRR108377,Gan_Dou_No.7,0
CRR108378,Gan_Dou_No.8,0
CRR108379,Gan_Dou_No.4,0
SRR1533383,Nan_Nong_Cai_Dou_No_1,0
SRR1533349,Jiu_Nong_No_30,0
SRR1533370,Chang_Nong_No_13,0
SRR1533400,Ji_Yu_No_90,0
SRR1533412,Chang_Nong_No_15,0
CRR108380,Liao_Dou_No.14,0
CRR108381,Kai_Dou_No.16,0
CRR108383,Liao_Dou_No.13_-2,0
CRR108384,Shen_8512,0
CRR108385,Tie_Feng_No.39,0
CRR108386,Shen_8510,0
CRR108387,Tie_Feng_No.29,0
CRR108388,Tie_Feng_No.32,0
CRR108389,PI548430,1
CRR108390,Liao_Dou_No.20,0
CRR108392,Liao_Dou_No.13_-1,0
CRR108393,Liao_Xian_No.1__-1,0
CRR108397,Shen_946136_-2,0
CRR108399,Liao_Dou_No.18,0
CRR108402,Shen_946136_-1,0
CRR108404,Liao_Xian_No.1__-2,0
CRR108406,Tie_Dou_No.99,0
CRR108407,Tie_Dou_No.98,0
CRR108408,Tie_Dou_No.93,0
CRR108409,Tie_Dou_No.92,0
CRR108410,Tie_Dou_No.89,0
CRR108411,Tie_Dou_No.86,0
CRR108412,Tie_Dou_No.85,0
CRR108414,Tie_Dou_No.82,0
CRR108415,Tie_Dou_No.81,0
CRR108416,Tie_Dou_No.80,0
CRR108417,Tie_Dou_No.67,0
CRR108418,Tie_Dou_No.43,0
CRR108419,Tie_Dou_No.27,0
CRR108421,Liao_Xian_Dou_No.2,0
CRR108423,Liao_Dou_No.52,0
CRR108424,Liao_Dou_No.50,0
CRR108425,Liao_Dou_No.49,0
CRR108426,Liao_Dou_No.48,0
CRR108427,Liao_Dou_No.47,0
CRR108428,Liao_Dou_No.46,0
CRR108429,Liao_Dou_No.45,0
CRR108430,Liao_Dou_No.44,0
CRR108431,Liao_Dou_No.43,0
CRR108432,Liao_Dou_No.42,0
CRR108433,Liao_Dou_No.34,0
CRR108435,Liao_Dou_No.15_-2,0
CRR108437,Fu_Dou_No.28,0
CRR108438,Fu_Dou_No.27,0
CRR108440,Dan_Dou_No.18,0
SRR1533160,Liao_Dou_No_21,1
SRR1533350,Liao_Dou_No_15,0
SRR1533422,Liao_Dou_No_11,0
SRR1533453,Tie_Feng_No_22,0
CRR108441,Meng_Dou_No.12,1
CRR108442,Deng_Ke_No.5,0
CRR108443,E_Dou_No.5,0
CRR108444,Meng_Dou_No.38,0
CRR108446,Meng_Dou_No.37_-1,0
CRR108447,Meng_Dou_No.14,0
CRR108449,Meng_9793-1,0
CRR108450,Deng_Ke_No.8,0
CRR108451,Meng_Dou_No.36_-1,1
CRR108457,Meng_Ke_Dou_No.4,0
CRR108458,Meng_Ke_Dou_No.2,0
CRR108459,Meng_Dou_No.45,0
CRR108460,Meng_Dou_No.44,0
CRR108461,Meng_Dou_No.43,0
CRR108462,Meng_Dou_No.42,0
CRR108465,Meng_Dou_No.359,0
CRR108468,Meng_1101,0
CRR108469,Deng_Ke_No.14,0
CRR108470,Chi_Dou_No.4,0
CRR108471,Chi_Dou_No.3,0
CRR108472,Ning_Dou_No.4,0
CRR108473,Ning_Dou_No.3,0
CRR108474,Qin_Dou_No.8,0
CRR108476,Qin_Dou_No.10,0
CRR108477,Lu_Dou_No.12,0
CRR108478,He_Dou_No.21,0
CRR108479,Shan_Ning_No.15,0
CRR108480,Ji_087131,0
CRR108481,Lu_Guan_Dou_No.1,0
CRR108483,He_0547,0
CRR108484,Gao_Zuo_Xuan_No.1,0
CRR108485,He_Dou_No.15,0
CRR108486,Lu_96150,0
CRR108487,Lu_Dou_No.10,0
CRR108488,Lu_Dou_No.1,0
CRR108489,Yan_Huang_No.3,0
CRR108490,Wei_Dou_No.274,0
CRR108492,Shan_Ning_No.14,0
CRR108494,Qi_Huang_No.34_*,0
CRR108495,Qi_Huang_No.35,0
CRR108497,Wei_Dou_No.9,0
CRR108498,Qi_Huang_No.29,0
CRR108499,Qi_Huang_No.13,0
CRR108501,Lu_Dou_No.4_-2,0
CRR108502,Qi_Huang_No.28_-1,0
CRR108505,Shan_Ning_No.18,0
CRR108506,Shan_Ning_No.17,0
CRR108507,Qi_Nong_No.5,0
CRR108508,Qi_Huang_No.34_-2,0
CRR108509,He_Dou_No.20,0
CRR108511,Fen_Dou_No.61,0
CRR108512,Fen_Dou_No.53,0
CRR108513,SN_Jian_Zi_-3,0
CRR108514,XY501-2,0
CRR108515,Shan_Xi_Huang_Dou_No.2,0
CRR108516,SN_Yuan_Bai,0
CRR108517,XY501-1,0
CRR108518,SN_Yuan_Zi,0
CRR108519,SN_Jian_Zi_-5,0
CRR108520,SN_Jian_Zi_-1,0
CRR108522,JX-1,0
CRR108523,SN_Jian_Bai,0
CRR108524,SN_Nian_Zi_-4,0
CRR108525,SN_Jian_Zi_-2,0
CRR108527,XY501-5,0
CRR108528,Fen_Dou_No.97,0
CRR108529,Jin_Dou_No.32,0
CRR108530,XY501-3,0
CRR108531,Jin_Dou_No.3,0
CRR108532,Jin_Dou_No.40,0
CRR108533,JX-2,0
CRR108534,Jin_Da_No.53,0
CRR108535,Jin_Dou_No.12,0
CRR108536,Jin_Dou_No.33,0
CRR108538,Jin_Dou_No.42,0
CRR108539,Jin_Dou_No.482,0
CRR108540,Fen_Dou_No.77,0
CRR108541,Jin_Yi_No.42,0
CRR108542,Jin_Dou_No.8,0
CRR108543,Fen_Dou_No.50,0
CRR108544,XY501-4,0
CRR108545,XY501-6,0
CRR108546,Jin_Dou_No.7,0
CRR108548,Jin_Da_No.36,0
CRR108549,Jin_Dou_No.22,0
CRR108550,SN_501,0
CRR108552,Jin_Dou_No.38,0
CRR108556,Jin_Yi_No.19,0
CRR108560,Jin_Zao_1252,0
CRR108562,Fen_Dou_No.71,0
CRR108574,Jin_Dou_No.15_-2,0
CRR108578,Jin_Dou_No.23_Big_Seed,0
CRR108590,Jin_Dou_No.39_-2,0
SRR1533367,Shen_Li_No_3,0
SRR1533406,Sheng_Dou_No_9,0
SRR1533430,Wei_No_6823,0
SRR1533352,Jin_Da_No_62,0
SRR1533364,Jin_Da_No_75,0
SRR1533380,Jin_Da_No_73,0
SRR1533433,Fen_Dou_No_79,0
SRR1533437,Fen_Dou_No_88,0
SRR1533450,Fen_Dou_No_89,0
SRR1533452,Fen_Dou_No_63,0
CRR108594,Chuan_Dou_No.6,0
CRR108595,Gong_Dou_No.12,0
CRR108596,Nan_Xia_Dou_No.25_-1,0
CRR108597,Dian_Jiang_Zao_Huang_Dou,1
CRR108598,Jing_Huang_No.352,1
CRR108599,Nan_Xia_Dou_No.25_-2,0
SRR1533449,Shu_Xian_No_205,0
CRR108600,Xin_Ba_Da_No.2,0
CRR108601,Dian_86-5,0
CRR108603,Yi_Wu_Liu_Wang,0
CRR108604,Lan_Xi_Da_Qing_Dou,0
CRR108605,Sheng_Xian_Qing_Ming_Dou,0
CRR108607,Yu_Hang_Liu_Wang,1
CRR108608,Yong_Kang_Tie_Jiang_Dou,1
CRR108609,Zhe_Chun_No.3,0
CRR108615,PI548325,0
SRR1533399,Tai_Wan_No_1,0
SRR1533420,Xi_Zang_Da_Dou_No_20,0
CRR108618,Ai_Ka_No.166,0
CRR108715,Kunitz,0
CRR108756,Hodgson,0
CRR108760,Lee,0
CRR108769,PI552538,0
SRR1533409,PI546044,0
SRR1533418,Hei_He_No_1,1
HN105,PI438471,0
SRR1533369,PI518750,0
HN056,PI437863A,0
HN057,PI438258,0
HN062,PI475783B,0
USB-046,PI592954,0
HN064,PI518751,0
HN054,PI437169B,0
SRR1533374,PI547686,0
SRR1533388,PI548190,0
HN059,PI464920B,0
HN081,PI567519,0
HN084,PI567690,0
HN033,PI87617,0
SRR1533386,PI548182,0
HN082,PI567611,0
HN083,PI567651,0
HN085,PI567719,0
HN091,PI594599,0
HN038,PI248515,0
HN108,PI229343,0
USB-016,PI506862,0
HN094,PI603170,0
HN095,PI603175,1
HN096,PI603176A,1
HN006,PI407788A,1
SRR1533353,PI547459,0
SRR1533357,PI547562,0
SRR1533366,PI547460,0
HN061,PI471938,0
HN093,PI603154,0
HN035,PI196175,1
HN041,PI398593,1
HN042,PI398595,1
HN043,PI398610,1
HN044,PI398614,1
HN048,PI407965,1
HN089,PI594012,1
USB-048,PI597476,0
HN098,PI605869A,1
HN050,PI416937,0
CRR106893,PI483463,1
CRR106894,PI101404B,1
CRR106895,PI561355,1
CRR106896,PI458538-1,1
CRR106897,PI479768,1
CRR106898,PI464866A,1
CRR106899,PI464891B,1
CRR106900,PI479746B,1
CRR106901,PI407294,1
CRR106902,PI479753C,1
CRR106903,PI464890A,1
CRR106904,PI407290,1
CRR106905,PI479744,1
CRR106906,PI407299,1
CRR106907,PI464929A-1,1
CRR106908,PI464926,1
CRR106909,PI468399B,1
SRR1533164,PI597459C,1
SRR1533170,PI597461C,1
SRR1533210,PI597459D,1
SRR1533211,PI597461A,1
SRR1533152,ZJ-Y314,1
SRR1533158,ZJ-Y108,1
SRR1533159,ZJ-Y2300-1,1
SRR1533165,ZJ-Y155,1
SRR1533171,ZJ-Y188,1
SRR1533177,ZJ-Y191,1
SRR1533184,ZJ-Y200,1
SRR1533195,ZJ-Y217,1
SRR1533200,ZJ-ZY020,1
SRR1533201,ZJ-Y282,1
SRR1533208,ZJ-YJ038,1
SRR1533213,ZJ-YJ086,1
SRR1533161,PI593983,1
CRR106910,PI326581,1
CRR106911,PI81762,1
SJ-18,PI507830B,1
SJ-27,PI639586,1
SJ-28,PI639590A,1
SJ-29,PI639590B,1
SJ-30,PI639621,1
SJ-31,PI507847,1
SRR1533153,PI578357,0
CRR106912,PI567194,1
CRR106914,PI507719,1
CRR106915,PI578340A,1
CRR106916,PI578343,1
CRR106917,PI578340B,1
CRR106919,PI507801,1
CRR106920,PI342620B-1,1
CRR106921,PI522231A,1
CRR106922,PI522225A,1
CRR106923,PI507786,1
CRR106924,PI522230A,1
CRR106925,PI522232,1
CRR106926,PI342622B,1
CRR106927,PI507785,1
CRR106928,PI522229,1
CRR106929,PI522234,1
CRR106930,PI507797,1
CRR106931,PI522203,1
CRR106932,PI507805,1
SRR1533203,PI578341,1
CRR106933,PI342620B-2,1
SRR1533196,PI504286,1
SRR1533155,PI562565,1
SRR1533163,PI562559,1
SRR1533175,PI458536,1
SRR1533193,PI479769,1
SRR1533197,PI458538,1
SRR1533198,PI458535,1
SRR1533181,PI464929A,1
SRR1533188,PI464929B,1
SRR1533205,PI464927A,1
SRR1533167,PI423991,1
SRR1533212,PI522226,1
SRR1533178,PI522182B,1
SJ-19,PI532450,1
SRR1533172,PI479752,1
SRR1533185,PI522228,1
SRR1533202,PI407288,1
HN063,PI483463,1
SRR1533190,PI326582A,1
SRR1533209,PI547831,1
SJ-21,PI549048,1
SRR1533166,PI447004,1
SRR1533179,PI483460B,1
SJ-13,PI468918,1
SRR1533173,PI468916,1
SRR1533186,PI483464A,1
SRR1533191,PI522216,1
SRR1533204,PI549046,1
SRR1533192,PI468400A,1
SRR1533154,PI366120,1
HN039,PI366121,1
HN040,PI378702,1
SRR1533174,PI366123,1
SRR1533180,PI378692,1
HN053,PI424088,1
HN052,PI424079,1
HN045,PI407162,1
HN046,PI407184,1
SJ-34,PI407175,1
SRR1533187,PI407275,1
SJ-24,PI597458B,1
SRR1533189,PI407301,1
SRR1533206,PI483465,1
SJ-42,PI407038,1
SRR1533162,PI407027,1
SJ-12,PI424008A,1
SJ-43,PI407318A,1
SJ-11,PI407315,1
SJ-44,PI407229,1
SRR1533194,PI424096,1
SRR1533176,PI407197,1
SRR1533182,PI407246,1
SJ-22,PI562558,1
SJ-23,PI562568,1
SJ-37,PI562557,1
SJ-10,PI407308,1
SJ-32,PI424014,1
SJ-40,PI562534,1
SJ-41,PI407183,1
SRR1533168,PI407170,1
SJ-26,PI597471D,1
SJ-08,PI407303,1
SRR1533183,PI464935,1
SJ-09,PI407307,1
SJ-01,PI378684A,1
SJ-02,PI378696A,1
SJ-15,PI507619B,1
SJ-04,PI407083,1
SJ-45,PI507638,1
SJ-07,PI407286,1
SJ-16,PI507667,1
SRR1533169,PI407131,1
SJ-36,PI507615,1
SJ-14,PI507609,1
SJ-03,PI378698,1
SJ-33,PI424107A,1
SJ-05,PI407270,0
SJ-39,PI407262,1
SJ-06,PI407281,1
SJ-38,PI378699A,1
SRR1533199,PI407285,1
SRR1533207,PI507662,1
SRR1533157,PI393551,1
CRR108798,L61-1069,0
CRR108800,L67-3090,0
CRR108857,L67-3214,0
CRR108617,PI547679,0
CRR108619,PI547722,0
CRR108620,PI547700,0
CRR108621,PI547756,0
CRR108622,PI547708,0
CRR108623,PI547709,0
CRR108624,PI547754,0
CRR108625,PI547735,0
CRR108626,PI547760,0
CRR108627,PI547689,0
CRR108628,PI547787,0
CRR108629,PI547715,0
CRR108630,PI547766,0
CRR108631,PI547725,0
CRR108632,PI547698,0
CRR108634,PI547558,0
CRR108636,PI547844,0
CRR108638,PI547499,0
CRR108640,PI547889,0
CRR108641,PI547838,0
CRR108642,PI547637,0
CRR108643,PI547421,0
CRR108644,PI547717,0
CRR108645,PI547860,0
CRR108646,PI547835,0
CRR108647,PI547677,0
CRR108648,PI547871,0
CRR108649,PI547642,0
CRR108650,PI547678,0
CRR108651,PI547509,0
CRR108656,PI547705,0
CRR108657,PI547739,1
CRR108658,PI547439,0
CRR108661,PI547697,0
CRR108663,PI547683,0
CRR108664,PI547872,0
CRR108665,PI547718,0
CRR108667,PI547704,0
CRR108668,PI547751,0
CRR108669,PI547761,0
CRR108672,PI547485,0
CRR108673,PI547846,0
CRR108674,PI547721,0
CRR108675,PI547880,0
CRR108682,PI547740,0
CRR108683,PI547692,0
CRR108684,PI547776,0
CRR108687,PI547729,0
CRR108688,PI547618,0
CRR108689,PI547531,0
CRR108690,PI547522,0
CRR108691,PI547482,0
CRR108693,PI548167,0
CRR108694,PI548219,0
CRR108695,PI547414,0
CRR108697,PI547426,0
CRR108698,PI547811,0
CRR108699,PI547530,0
CRR108700,PI548173,1
CRR108702,PI548161,0
CRR108705,PI547890,0
CRR108706,PI547832,0
CRR108707,PI547891,0
CRR108711,PI548188,0
CRR108713,PI547719,0
CRR108717,PI547537,1
CRR108720,PI548160,0
CRR108726,PI547542,0
CRR108727,PI547778,0
CRR108816,PI547790,0
USB-021,PI548171,1
CRR108734,PI 533601,0
CRR108735,PI548177,0
USB-399,PI631123,0
USB-252,PI548198,0
USB-249,PI548162,0
USB-250,PI548169,0
USB-253,PI548200,0
USB-022,PI548193,0
USB-254,PI548256,0
SRR1533378,PI548311,0
SRR1533283,PI548382,0
SRR1533267,PI548391,0
SRR1533334,PI548348,0
SRR1533345,PI548362,0
SRR1533312,PI548456,0
HN071,PI548657,0
CRR107556,FC31409,0
CRR107557,Du_Na_Ji_Ka,0
CRR107559,Duo_Ma_Ka_.Tuo_Li_Sa,0
CRR108826,Ba_Dou_No.135,0
USB-077,PI84631,0
CRR106935,PI438364,0
CRR106936,PI89061-2,0
CRR106937,PI603674,0
CRR106938,PI603755D,0
CRR106939,PI437586A,0
CRR106940,Lv_Bao_Shi,0
CRR106941,PI89005-4,0
CRR106942,Da_Huang_Dou_-2,0
CRR106943,Wu_Xing_Wei,0
CRR106944,PI603755C,1
CRR106945,PI79797,0
CRR106946,PI578499B,0
CRR106947,PI437961,1
CRR106948,PI88789,0
CRR106949,Xiao_Hei_Dou__-2,0
CRR106950,PI70023,0
CRR106951,PI87531,0
CRR106952,PI89055,0
CRR106953,PI437805,0
CRR106954,PI603418A,0
CRR106956,PI89773,0
CRR106957,PI593967,0
CRR106958,Tian_E_Dan_-2,0
CRR106959,Niu_Mao_Huang__-2,0
CRR106960,PI438252B,1
CRR106961,PI603387,0
CRR106962,PI603438D,0
CRR106963,PI603562A,0
CRR106965,Xiao_Huang_Dou_-2,1
CRR106966,PI603560,0
CRR106967,PI438199,0
CRR106968,PI603556,0
CRR106969,PI578417B,0
CRR106970,PI437799,0
CRR106971,PI603304,0
CRR106972,PI437715,0
CRR106973,PI437902B,0
CRR106974,PI538400,0
CRR106975,PI603412A,1
CRR106976,PI438153,1
CRR106978,Xiao_Yuan_Huang_Dou,0
CRR106980,PI438065,0
CRR106982,PI438115,0
CRR106983,PI420338,0
CRR106984,PI89014,1
CRR106987,PI578499C,0
CRR106990,PI603778,1
CRR106991,PI603308B,0
CRR106992,PI603693A,0
CRR106993,PI603422C,1
CRR106994,PI437862,0
CRR106995,PI603494,0
CRR106996,PI603492,0
CRR106997,PI561302C,1
CRR106998,PI592931,0
CRR106999,PI438045,0
CRR107000,PI603491,0
CRR107001,Huang_Da_Li,0
CRR107002,PI603663,0
CRR107003,PI437947,1
CRR107004,PI592951,0
CRR107005,PI603527A,1
CRR107006,PI603401,0
CRR107009,PI603498A,0
CRR107011,PI438252A,1
CRR107013,PI578415,1
CRR107015,PI603564C,0
CRR107016,PI612761A,1
CRR107018,PI86878-2,0
CRR107019,PI603453,0
CRR107021,PI603551C,1
CRR107022,PI437655,0
CRR107023,PI89006-2,0
CRR107024,PI603331,1
CRR107025,PI603730C,0
CRR107026,PI603543B,0
CRR107027,PI80536,0
CRR107028,PI603664,0
CRR107029,PI603495A,0
CRR107030,PI436612,1
CRR107031,PI603429A,0
CRR107032,PI437664,1
CRR107033,Ping_Rang_Tai_Bai,0
CRR107035,Peking,1
CRR107038,PI603735B,0
CRR107040,Hui_Pi_Zhi,0
CRR107041,PI603339A,1
CRR107042,PI437654-1,1
CRR107043,PI437830,1
CRR107044,PI437613,1
CRR107049,Shang_Cai_Er_Li_Ping_Ding_Shi,1
CRR107050,PI612759A,1
CRR107051,Te_Da_Li_No.1,0
CRR107052,PI81768,1
CRR107053,PI603662B,1
CRR107055,PI438020,0
CRR107057,Hei_Hei_Dou,1
CRR107060,PI438095,0
CRR107061,Ji_Yan_Dou,0
CRR107062,PI603561,1
CRR107063,PI438145,0
CRR107064,Xiao_Bai_Hua_Hei_Dou,1
CRR107065,PI438222,0
CRR107066,PI603326,0
CRR107067,PI68535,0
CRR107069,Man_Gui_Dou,0
SRR1533259,PI594788,1
SRR1533321,Nian_Shi_Huang_Dou,0
CRR107070,PI567710,0
CRR107071,PI567713D,0
CRR107072,PI567692,0
CRR107073,PI567696C,0
CRR107074,PI567716A,0
CRR107075,PI567686,0
CRR107076,Si_Xian_Tu_Li_Wai,0
CRR107077,PI567732,1
CRR107078,Sui_Xi_Wan_Dou_Tuan,0
CRR107079,Xin_Liu_Qing,0
CRR107082,PI594399A,0
CRR107083,Hou_Zi_Mao,0
CRR107084,PI594411,0
CRR107085,PI567717A,0
CRR107086,PI561237,0
CRR107087,PI561307,0
CRR107088,PI561325,0
CRR107089,PI561313,0
CRR107090,PI561296A,0
CRR107091,PI561321,0
CRR107092,Sha_He_Qing_Dou,0
CRR107093,PI561331,0
CRR107094,Tong_Xian_Xiao_Huang_Dou,0
CRR107095,PI561327C,0
CRR107097,PI561242,0
CRR107098,PI561319B,0
CRR107099,Tong_Xian_Huang_Dou,0
CRR107100,PI464910,0
CRR107101,Zhong_Mou_Tie_Jiao_Dou,1
CRR107102,PI232991,1
CRR107103,PI567263,0
SRR1533222,Dong_Shan_Bai_Ma_Dou,0
SRR1533263,Xia_Men_Teng_Zai_Dou,0
SRR1533273,Tong_an_Zi_Hong_Dou,0
SRR1533291,Sha_Xian_Qin_Dou,0
SRR1533305,Sha_Xian_Wu_Dou,0
CRR107104,PI567325A,0
CRR107106,Da_Ke_Huang_Lv_Dou,0
CRR107107,PI567294,0
CRR107108,Bai_Yin_Bai_Huang_Dou,0
CRR107109,PI567349A,1
CRR107113,Ying_De_He_Dou,0
CRR107114,Long_Chuan_Huang_Niu_Mao,0
SRR1533277,He_Dou,0
CRR107115,Qi_Yue_Huang_-1,0
CRR107116,PI594708A,1
CRR107117,PI594708B,1
CRR107118,Lv_Pi_Huang_Dou,0
CRR107119,PI594647B,0
CRR107120,Song_Zi_Dou,0
CRR107122,PI567486B,0
CRR107123,PI567493,0
CRR107124,PI538386A,0
CRR107125,PI538380,0
CRR107126,PI567511,0
CRR107127,PI567484,0
CRR107128,PI567507C,1
CRR107129,PI567510A,0
CRR107130,PI567510B,0
CRR107131,Hua_Hei_Hu,1
CRR107132,Da_Qing_Kang_Fei_Dou,0
CRR107134,PI90499-2,0
CRR107135,PI61947,0
CRR107136,Xia_Tai_Zi_Mo_Shi_Dou,1
CRR107137,PI538387,0
CRR107138,Li_Xian_Hei_Dou,1
CRR107139,PI567645A,0
CRR107140,PI567620A,0
CRR107141,PI567640,0
CRR107142,PI567621A,0
CRR107143,PI567628A,0
CRR107144,PI567650B,0
CRR107145,PI567672,0
CRR107146,PI567650A`,0
CRR107147,PI567679B,0
CRR107148,PI567631,1
CRR107149,PI567621B,1
CRR107150,PI567648C,0
CRR107151,Shang_Qiu_Liu_Hua_Zhu,0
CRR107153,Qing_Feng_Tian_E_Dan,0
CRR107154,PI567667C,0
CRR107155,Mi_Yang_Xiao_Li,0
CRR107156,Ru_Nan_Ping_Ding_Shi,0
CRR107158,Huai_Yang_Qing_Dou,0
CRR107159,PI602992,0
CRR107160,Mi_Yang_Xiao_Li_Huang,0
SRR1533228,Nan_Guan_Xiao_PI_Qing,0
SRR1533448,Da_Tun_Xiao_Hei_Dou,0
CRR107161,Huang_Bao_Zhu,0
CRR107162,Si_Li_Huang,1
CRR107163,Man_Cang_Jin,0
CRR107164,Sun_Wu_Ping_Ding_Huang,0
CRR107165,PI79710,0
CRR107167,Nen_Jiang_Da_Jin_Huang,0
CRR107168,PI597441,0
CRR107169,PI54615,0
CRR107170,PI68761-3,0
CRR107171,PI70027,0
CRR107173,Suo_Yi_Ling,0
CRR107174,Bai_Mei,0
CRR107176,PI567160,0
CRR107177,PI291309A,0
CRR107179,Ke_Shan_Si_Li_Huang,0
CRR107181,PI68481,0
CRR107182,PI79739,1
CRR107183,PI68585,0
CRR107184,Qing_An_Hei_Dou__-2,0
CRR107185,PI70013,0
CRR107186,Da_Li_Huang_-1,0
CRR107188,PI68642,0
CRR107189,PI68709,0
CRR107192,Dong_Bei_Hei_Dou,0
CRR107193,You_Huang_Dou,1
CRR107195,Shu_Guang_Huang_Dou,0
CRR107196,PI68430,1
CRR107197,PI597442,0
CRR107198,De_Dou_Da_Bai_Mei,1
CRR107199,PI68722,0
CRR107203,Zi_Hua_No.2,1
CRR107204,PI592975,0
CRR107205,PI291275,1
CRR107206,PI73780,0
CRR107207,PI361077A,0
CRR107208,PI291278,1
CRR107210,Mao_Dou,0
CRR107212,Zi_Hua_No.4_*,0
CRR107213,Zi_Hua_No.4_-2,0
SRR1533225,Long_quan_Da_Dou,0
CRR107214,Chi_Huang_Dou_No.1,0
CRR107215,PI587716B,0
CRR107216,Hua_Se_Dou,1
CRR107217,Da_Bai_Mao_Dou,0
CRR107218,Hua_Mei_Dou,0
CRR107219,E_Dou_No.2,0
SRR1533304,Ni_Dou,0
SRR1533318,Jin_Huang_No_35,0
SRR1533331,Dai_Mi_Dou,0
SRR1533275,Hong_Zhu_Dou,0
CRR107220,Tie_Jia_Si_Li_Huang_-2,0
CRR107221,Feng_Di_Huang_*,0
CRR107222,PI92630,0
CRR107223,Ju_Te_Qi_Feng_Huang,0
CRR107224,PI88353,0
CRR107225,Cha_Se_Dou,0
CRR107226,PI92602,0
CRR107227,Si_Li_Qi,0
CRR107228,PI91100-2,0
CRR107229,PI518710,0
CRR107230,PI92607,0
CRR107231,PI92619,0
CRR107232,Za_Qi_Dou,0
CRR107233,Lan_Qi,0
CRR107234,PI54620,0
CRR107235,Tie_Jia_Si_Li_Huang_*,0
CRR107238,PI532443,0
CRR107239,PI92640,0
CRR107240,PI92686,0
CRR107241,Yi_Wo_Feng_-2,0
CRR107242,Qian_Ceng_Ta,0
CRR107243,PI467333,1
CRR107244,PI92677,0
CRR107245,PI92706,0
CRR107246,PI479725A,0
CRR107247,PI458522,0
CRR107248,PI467340,0
CRR107249,Hui_Chun_Dou,0
CRR107250,PI91104,0
CRR107252,PI464909,0
CRR107253,Du_Lu_Dou,0
CRR107254,Qing_Pi_Dou_-2,1
CRR107255,PI532441A,0
CRR107256,PI479726,0
CRR107257,PI92641B,0
CRR107258,PI92651,0
CRR107260,PI70091,0
CRR107264,Tong_Hua_Ping_Ding_Xiang,1
CRR107265,PI467311C,1
CRR107266,PI464915B,0
CRR107267,PI70456,0
CRR107269,Bai_Cheng_Mo_Shi_Dou,1
CRR107270,Ji_Lin_Cha_Hei_Hua,1
CRR107271,Tong_Shan_Qing_Da_Dou,0
CRR107272,PI567753C,0
CRR107273,PI567749A,0
CRR107274,PI532455B,1
CRR107275,PI567771E,0
CRR107276,Tai_Xing_Ai_Jiao_Hong,0
CRR107278,PI567736,0
CRR107279,PI587620C,1
CRR107281,Huai_Yin_Chun_Dou,0
CRR107282,Guan_Yun_Hai_Bai_Hua__-1,0
CRR107283,Sui_Ning_Ping_Ding_Huang,0
CRR107284,PI532454,0
CRR107287,Shang_Rao_Ba_Yue_Bai,1
SRR1533234,PI_Xian_Da_Zi_Huo_Cao,0
SRR1533237,Yu_Jiang_Wu_Yue_Niu_Mao_Huang,0
SRR1533246,PI_Xian_Nian_Zhuang_Liu_Yue_Xian,0
SRR1533262,Tai_Xin_Niu_Mao_Huang_Yi,0
SRR1533224,Sha_Xin_Dou,0
SRR1533276,Jin_Shan_Cha_Zhu_Shi_Dou,1
SRR1533342,Hei_Wa_Shi_Dou,0
CRR107290,PI391586,0
CRR107291,PI602492,0
CRR107292,PI91164,0
CRR107293,PI88502,0
CRR107294,Xiong_99-8,0
CRR107295,PI464914B,0
CRR107296,PI88306,0
CRR107297,PI88486,0
CRR107298,PI470224,0
CRR107299,PI458511,0
CRR107300,Bai_Qi_Ying_Ge_Dou,0
CRR107301,Da_Li_Hei_Dou_-2,0
CRR107303,PI54608-1,0
CRR107304,Mao_Yan_Dou,0
CRR107307,PI88300,0
CRR107309,PI91165,0
CRR107311,PI567372B,0
CRR107312,PI567366A,0
CRR107314,Shang_Nan_Ba_Yue_Zao,1
CRR107315,Jiang_Huang_Dou,1
CRR107317,PI567388,1
CRR107318,Zao_Shu_Hei_Dou,1
CRR107319,PI567526,0
CRR107320,PI567601,0
CRR107321,PI567522B,0
CRR107322,PI567555,0
CRR107323,PI567557,0
CRR107325,Feng_Shou_Huang,0
CRR107326,Ping_Ding_Hei_-1,1
CRR107327,Wen_Deng_Xiao_Gun_Long_Zhu,0
CRR107328,PI567586A,0
CRR107329,PI567552,0
CRR107331,Er_Li_Hei_Dou,1
CRR107333,PI518719,0
CRR107334,Ji_Shan_Hei_Pi_Lv_Da_Dou,0
CRR107335,PI567437,0
CRR107336,PI567465,0
CRR107337,Da_Hei_Dou_-2,0
CRR107338,PI567455,0
CRR107340,Nong_Jia_Zhong,0
CRR107341,Liu_Shi_Ri_Bai_Dou,1
CRR107342,PI574476B,0
CRR107343,Ji_Shan_Zhen_Zhu_Xiao_Hei_Dou,0
CRR107344,Lv_Gun_Dou,0
CRR107345,Yang_Yan_Dou,1
CRR107346,He_Hei_Dou,0
CRR107347,Dong_Shan_No.69,0
CRR107348,Xing_Xian_Bai_Da_Dou,1
CRR107349,Xing_Xian_Hui_Pi_Zhi_Hei_Dou,1
SRR1533325,Xiao_Mi_Dou,1
CRR107351,Jin_Shan_Cha_Mo_Shi_Dou,1
SRR1533219,You_Pi_Zhi_Hei_Dou,1
SRR1533233,Xia_Hei_Dou,1
SRR1533249,Da_Qing_Ren,0
SRR1533293,Ji_Shan_De_Da_Li_Hei_Dou,0
SRR1533327,Xin_Xian_Xiao_Huang_Dou,0
CRR107352,PI594508,0
CRR107353,PI587983A,0
CRR107357,Han_Yuan_Ba_Li_Xiao_Hei_Dou,0
CRR107358,Ba_Zhong_Tian_Kan_Dou,1
CRR107359,PI588033C,0
CRR107360,PI594443,0
CRR107362,PI594465,0
CRR107363,Shi_Fang_Luo_Si_Dou,0
CRR107364,Qiong_Lai_You_Jiang_Hei_Dou,0
CRR107365,Wu_Yan_Wo,0
CRR107369,Ceng_Jia_Lv_Huang_Dou,0
CRR107370,Da_Huang_Dou_-3,0
CRR107371,Zi_Zhong_Liu_Yue_Huang,1
CRR107373,PI504482,0
CRR107374,PI475813B,0
CRR107375,Ma_Lan_Zao_Cha_Dou,0
CRR107376,Xuan_Za,0
CRR107377,PI556949,0
CRR107379,PI347561,1
CRR107381,PI438313,0
CRR107382,PI417527,0
CRR107384,PI153286,0
CRR107385,PI189897,0
CRR107386,PI189911,0
CRR107387,PI153317,0
CRR107389,PI189946,0
CRR107390,PI567201D,0
CRR107391,PI404161,1
CRR107392,PI372419,0
CRR107393,PI189917,0
CRR107394,PI290125,0
CRR107395,PI438326,0
SRR1533330,PI567071A,0
CRR107397,PI507349,0
CRR107398,PI379559C,0
CRR107400,PI506874,0
CRR107401,PI317335,0
CRR107403,PI229330,1
CRR107405,PI507064,0
CRR107407,PI507286C,0
CRR107409,PI506801B,0
CRR107410,PI417202,0
CRR107411,PI507408,0
CRR107413,PI507396,0
CRR107415,PI594208,1
CRR107416,PI507245,0
CRR107418,PI507093,0
CRR107419,PI507063,0
CRR107420,PI507182,1
CRR107421,PI196160,0
CRR107424,PI507167B,1
CRR107426,PI417023,0
CRR107427,PI417162,0
CRR107428,PI417140,1
CRR107430,PI506711A,0
CRR107431,PI507065,0
CRR107433,PI416937,0
CRR107437,PI196150,1
CRR107440,PI417139,1
CRR107441,PI423870,1
CRR107443,PI594156,1
CRR107447,PI86449,0
CRR107448,PI86482-1,0
CRR107449,PI378682B,1
CRR107452,Bei_Jian_Bai,0
CRR107453,PI507565,0
CRR107454,PI86111,1
CRR107455,PI423869,0
CRR107456,PI86022,0
CRR107460,PI80488-1,1
CRR107461,PI84979,0
CRR107466,PI153233,0
CRR107468,PI603157,1
CRR107470,PI438304A,0
CRR107471,PI438296,0
CRR107472,PI424302,0
CRR107473,PI398621,0
CRR107474,PI424222A,0
CRR107476,PI96786,1
CRR107480,PI361066A,1
CRR107481,PI361117,1
CRR107482,PI361067,0
CRR107483,PI476345,0
CRR107484,PI404151,1
CRR107485,PI437098,0
CRR107486,PI437109C,1
CRR107487,PI507697,0
CRR107488,PI437110A,1
CRR107490,PI437145B,1
CRR107491,PI437392,1
CRR107493,PI437478,1
CRR107494,PI437336B,0
CRR107498,PI437512,1
CRR107504,PI458021,0
CRR107507,PI423826B,1
CRR107508,PI423808B,1
CRR107509,PI340034,1
CRR107510,PI458236A,1
CRR107511,PI458227,1
CRR107513,PI408017,1
CRR107515,PI508296H,1
CRR107516,PI424406B,1
CRR107517,PI407877C,1
CRR107518,PI407906,1
CRR107520,PI424247A,1
CRR107521,PI458067A,1
CRR107522,PI398890,0
CRR107523,PI458061A,0
CRR107525,PI458040,0
CRR107526,PI509076,1
CRR107527,PI458105,1
CRR107530,PI83945-4,0
CRR107533,PI398322,1
CRR107534,PI398299,1
CRR107535,PI64698,1
CRR107536,PI84594,0
CRR107538,PI407818A,1
CRR107539,PI424529,1
CRR107540,PI458299,1
CRR107541,PI408211A,1
CRR107543,PI408222C,1
CRR107546,PI424547,0
CRR107547,PI408230,0
CRR107548,PI398183,0
CRR107550,PI437525,0
CRR107551,PI438496A,0
CRR107552,PI438504A,0
CRR107553,PI438487,0
CRR107554,PI438499,1
CRR107563,PI605831A,0
USB-203,PI438336,0
USB-134,PI372403B,0
SRR1533313,PI603424A,1
USB-014,PI468908,0
USB-039,PI567171,1
USB-150,PI407708A,1
USB-192,PI437991B,0
USB-240,PI514671,1
USB-291,PI567173,0
USB-387,PI603698J,0
USB-113,PI189873,0
USB-005,PI180501,0
USB-160,PI417529,0
USB-209,PI445824A,0
SRR1533284,PI416890,0
SRR1533301,PI423954,1
SRR1533324,PI317336,0
USB-009,PI360957,0
USB-157,PI417381,1
USB-286,PI561389B,0
USB-012,PI437265D,0
USB-175,PI437240,0
USB-104,PI154189,0
USB-132,PI361070,0
USB-129,PI342619A,1
USB-294,PI567226,0
USB-139,PI378658,0
USB-268,PI548571,0
SRR1533328,PI253658B,0
SRR1533335,PI407716,0
USB-122,PI291294,0
USB-125,PI297505,0
USB-149,PI407701,0
USB-184,PI437695A,0
USB-198,PI438230A,1
USB-199,PI438239B,0
USB-201,PI438309,1
USB-213,PI464896,1
USB-215,PI464923,0
USB-283,PI561318A,1
USB-331,PI578375B,0
USB-335,PI578503,0
USB-351,PI593953,0
USB-369,PI603290,0
SRR1533242,Tian_E_Dan,0
USB-202,PI438323,0
SRR1533257,PI548417,0
SRR1533235,PI507355,0
SRR1533260,PI594301,0
SRR1533310,PI317334A,0
USB-152,PI416751,0
SRR1533317,PI83945-3,0
USB-010,PI361087,0
USB-131,PI361066B,1
USB-140,PI378663,0
USB-141,PI378680E,0
USB-173,PI437160,0
USB-174,PI437165A,1
USB-177,PI437376A,0
USB-179,PI437500A,0
USB-403,PI639543,0
USB-011,PI361093,1
USB-135,PI372418,0
USB-389,PI605765B,1
HN060,PI467312,1
SRR1533239,PI603336,0
SRR1533250,PI603420,1
SRR1533290,PI437944,1
SRR1533319,PI567258,1
SRR1533332,PI567293,0
USB-007,PI266806C,0
USB-049,PI603426G,1
USB-087,PI88313,0
USB-088,PI88468,0
USB-089,PI89005-5,1
USB-123,PI291309D,0
USB-124,PI291310C,0
USB-144,PI391577,1
USB-145,PI391583,0
USB-148,PI404187,0
USB-155,PI417242,0
USB-182,PI437662,1
USB-187,PI437793,0
USB-188,PI437814A,0
USB-193,PI438019B,0
USB-195,PI438083,0
USB-210,PI458505,0
USB-216,PI467347,0
USB-260,PI548411,0
USB-297,PI567262A,1
USB-311,PI567418A,0
USB-317,PI567525,0
USB-332,PI578412,0
USB-333,PI578493,0
USB-334,PI578499A,0
USB-336,PI578504,1
USB-361,PI597464,0
USB-370,PI603345,0
USB-371,PI603389,0
USB-373,PI603399,0
USB-374,PI603463,0
USB-392,PI612730,0
SRR1533281,Xiao_Bai_Qi,0
SRR1533274,PI88479,0
HN106,PI417091,1
USB-229,PI506942,0
USB-220,PI476352B,0
USB-404,PI639550E,0
USB-025,PI548360,0
USB-256,PI548356,0
SRR1533336,PI89138,0
USB-133,PI361080,1
USB-170,PI437112A,0
USB-178,PI437485,0
USB-180,PI437505,0
USB-189,PI437838,1
USB-402,PI639528B,0
SRR1533248,PI398296,1
USB-078,PI84637,0
USB-405,PI639559B,0
USB-102,PI153231,0
HN005,PI404166,1
HN008,PI437655,0
HN018,PI437690,1
HN031,PI79691-4,1
HN067,PI548317,0
HN072,PI549031,1
HN079,PI567357,0
SRR1533226,PI603384,0
SRR1533253,PI437654,1
SRR1533295,PI567364,0
SRR1533320,PI404182,1
SRR1533338,PI417398,0
SRR1533340,PI594451,1
USB-037,PI549041A,1
USB-041,PI567558,0
USB-052,PI088788,0
USB-057,PI548316,0
USB-061,PI54591,0
USB-064,PI54615-1,0
USB-067,PI68521-1,0
USB-068,PI68604-1,1
USB-070,PI70080,0
USB-093,PI91100-3,0
USB-100,PI103088,1
USB-168,PI436684,0
USB-183,PI437685D,0
USB-185,PI437776,0
USB-196,PI438112B,0
USB-212,PI458510,0
USB-217,PI468408B,0
USB-222,PI490766,0
USB-242,PI532463B,0
USB-245,PI538386A,0
USB-258,PI548383,0
USB-278,PI549021A,0
USB-304,PI567361,0
USB-320,PI567576,0
USB-354,PI594456A,0
USB-379,PI603497,1
USB-382,PI603549,0
USB-384,PI603556,0
USB-386,PI603675,0
SRR1533289,Hong_Hu_Liu_Yue_Bao,0
SRR1533344,Bai_Mao_Dou,0
SRR1533244,Xiao_Bai_Dou,1
HN032,PI86006,1
HN034,PI87631-1,1
USB-003,PI81785,1
USB-081,PI84973,0
USB-117,PI232992,1
USB-233,PI507293B,0
USB-236,PI507471,0
SRR1533296,PI84987,0
HN026,PI612611,1
HN068,PI548349,0
USB-086,PI87620,0
USB-023,PI548313,0
USB-169,PI437110A,1
SRR1533292,PI157421,0
SRR1533306,PI399043,0
USB-079,PI84656,0
USB-164,PI424078,1
USB-363,PI597478B,0
USB-206,PI438496B,0
USB-208,PI438500,0
USB-390,PI606374,0
HN009,PI495017C,0
HN012,PI567305,1
HN016,PI567387,1
HN017B,PI437725,0
HN022,PI404198B,1
HN025,PI567516C,1
HN047,PI407729,1
HN058,PI458515,1
HN069,PI548415,1
HN076,PI567336B,1
SRR1533216,PI594615,0
SRR1533230,PI594777,1
SRR1533243,PI602991,0
SRR1533309,PI567395,0
USB-020,PI603458A,0
USB-027,PI548402,1
USB-040,PI567426,0
USB-042,PI567604A,0
USB-044,PI578495,0
USB-053,PI089772,1
USB-054,PI090763,0
USB-063,PI54614,1
USB-065,PI58955,0
USB-071,PI70466-3,0
USB-094,PI91159-4,0
USB-096,PI92651,0
USB-109,PI171428,1
USB-156,PI417345B,0
USB-167,PI430595,0
USB-214,PI464912,0
USB-223,PI495020,0
USB-257,PI548359,0
USB-259,PI548400,0
USB-261,PI548427,0
USB-277,PI549017,0
USB-281,PI549040,1
USB-284,PI561371,0
USB-298,PI567307,0
USB-303,PI567353,0
USB-309,PI567415A,0
USB-312,PI567428,0
USB-315,PI567488A,1
USB-316,PI567489A,0
USB-318,PI567532,0
USB-319,PI567548,1
USB-323,PI567685,1
USB-327,PI567780B,1
USB-338,PI587588A,0
USB-345,PI592937,0
USB-346,PI592940,0
USB-366,PI602502B,1
USB-367,PI602993,0
USB-372,PI603397,0
USB-381,PI603526,1
USB-383,PI603555,0
USB-385,PI603559,0
SRR1533217,Yu_Shi_Dou,0
USB-330,PI574477,0
USB-060,FC31697,0
USB-171,PI437127A,0
SRR1533231,PI548342,0
SRR1533341,PI243541,0
USB-017,PI507180,0
USB-026,PI548364,0
USB-055,PI209332,0
USB-073,PI80837,0
USB-097,PI94159-3,0
USB-158,PI417479,0
USB-162,PI423926,0
USB-228,PI506933,0
USB-234,PI507458,0
USB-235,PI507467,0
USB-238,PI507480,0
USB-075,PI83881,0
USB-368,PI603162,1
USB-302,PI567352A,0
HN007,PI424298,1
SRR1533214,PI339734,1
USB-080,PI84946-2,0
USB-085,PI86972-2,0
USB-207,PI438496C,1
USB-287,PI561701,0
SRR1533278,PI567189A,0
HN075,PI567230,1
SRR1533270,PI567298,0
SRR1533302,PI587848,0
SRR1533314,PI588053A,0
USB-035,PI549018,0
USB-066,PI62203,0
USB-072,PI71465,0
USB-151,PI407742,0
USB-279,PI549028,0
USB-300,PI567343,1
USB-301,PI567346,0
USB-305,PI567383,0
USB-306,PI567407,1
USB-307,PI567408,1
USB-314,PI567439,0
USB-339,PI587588B,0
USB-341,PI587712B,0
USB-357,PI594880,0
SRR1533287,Pei_Xian_Xiao_You_Dou,0
SRR1533251,Hu_Pi_Dou,1
USB-128,PI342434,1
USB-227,PI504288,1
USB-029,PI548452,0
USB-127,PI324924,0
USB-146,PI398633,1
USB-163,PI424038B,1
USB-143,PI379618,0
USB-161,PI417581,1
SRR1533315,PI594629,1
SRR1533329,PI603516,0
USB-090,PI89775,1
USB-241,PI518727,0
SRR1533247,Yi_Zheng_Da_Li_Huang_Dou,0
USB-115,PI209333,0
USB-232,PI507088,1
USB-101,PI123440,0
USB-043,PI578309,1
SRR1533245,PI407801,1
SRR1533286,PI424391,1
USB-084,PI86904,0
USB-401,PI632650,0
USB-204,PI438347,0
USB-396,PI628913,0
USB-398,PI628963,0
SRR1533236,PI587552,1
USB-108,PI165675,0
USB-262,PI548473,0
USB-308,PI567410B,0
USB-362,PI597471A,0
SRR1533311,Xiao_Huang_Dou,0
SRR1533227,Qing_Dou,0
USB-004,PI166105,1
USB-107,PI165563,0
USB-112,PI179935,0
USB-226,PI497967,1
USB-110,PI171451,1
USB-230,PI507017,0
USB-031,PI548490,0
USB-248,PI542972,0
USB-028,PI548447,0
USB-295,PI567231,0
USB-388,PI603722,1
USB-047,PI594307,1
USB-263,PI548474,0
USB-407,PI639570,0
USB-264,PI548479,0
USB-409,PI322692,0
USB-296,PI567238,1
SRR1533282,PI323576,1
USB-015,PI497964A,1
USB-120,PI261272C,1
USB-136,PI374207,1
USB-224,PI497953,1
USB-121,PI274453,1
USB-006,PI240664,0
